Template URL,HTTP Method,Provider / Domain,Code Sources / References,Target Database Table,Writing Script / Service Handler,Data Domain Category,Source Files,Status,Concrete Working URL
https://economictimes.indiatimes.com/viewandrecofeed.cms,GET,Economic Times / IndiaTimes,explore_mc_tl.py:924,,,,urls_directory.csv,SUCCESS,https://economictimes.indiatimes.com/viewandrecofeed.cms?feedtype=sjson
https://etmarketsapis.indiatimes.com/ET_Stats/sectorPerformance?exchange=NSE&flag=1,GET,Economic Times / IndiaTimes,explore_mc_tl.py:911,,,,urls_directory.csv,SUCCESS,https://etmarketsapis.indiatimes.com/ET_Stats/sectorperformance?pagesize=25&exchange=NSE&pageno=1&marketcap=
https://etmarketsapis.indiatimes.com/ET_TechnicalScreeners/topTrendingScreeners?exchangeId=50&pageNumber=1&pageSize=6&innerPageSize=3,GET,Economic Times / IndiaTimes,marketData.ts:183,,,,urls_directory.csv,SUCCESS,https://etmarketsapis.indiatimes.com/ET_TechnicalScreeners/topTrendingScreeners?exchangeId=50&pageNumber=1&pageSize=6&innerPageSize=3&_=1629471748880
https://json.bselivefeeds.indiatimes.com/ET_Community/companypagedata?companyid=${map.companyid}&companytype=,GET,Economic Times / IndiaTimes,"marketData.ts:23, marketData.ts:72",,,,urls_directory.csv,SUCCESS,https://json.bselivefeeds.indiatimes.com/ET_Community/companypagedata?companyid=8581&companytype=&callback=jQuery111305480691400445188_1617784921724&_=1617784921726
https://marketservices.indiatimes.com/marketservices/shareholding?companyid=${map.companyid},GET,Economic Times / IndiaTimes,marketData.ts:60,,,,urls_directory.csv,SUCCESS,https://marketservices.indiatimes.com/marketservices/shareholding?companyid=11945
https://api.moneycontrol.com/mcapi/extdata/v2/mc-essentials?scId=${scId}&type=ed&deviceType=W,GET,MoneyControl,"insightService.ts:136, mcApiService.ts:398",,,,urls_directory.csv,SUCCESS,https://api.moneycontrol.com/mcapi/extdata/v2/mc-essentials?scId=BE03&type=ed&deviceType=W
https://api.moneycontrol.com/mcapi/extdata/v2/mc-essentials?scId={sc_id}&type=ed&deviceType=W,GET,MoneyControl,explore_mc_tl.py:389,,,,urls_directory.csv,SUCCESS,https://api.moneycontrol.com/mcapi/extdata/v2/mc-essentials?scId=BE03&type=ed&deviceType=W
https://api.moneycontrol.com/mcapi/extdata/v2/mc-insights?scId=${scId}&type=c&deviceType=W&appVersion=185,GET,MoneyControl,"insightService.ts:137, mcApiService.ts:463, moneycontrolService.ts:73",,,,urls_directory.csv,SUCCESS,https://api.moneycontrol.com/mcapi/extdata/v2/mc-insights?scId=BE03&type=c&deviceType=W&appVersion=185
https://api.moneycontrol.com/mcapi/extdata/v2/mc-insights?scId=${scId}&type=d&deviceType=W&appVersion=185,GET,MoneyControl,mcApiService.ts:491,,,,urls_directory.csv,SUCCESS,https://api.moneycontrol.com/mcapi/extdata/v2/mc-insights?scId=BE03&type=c&deviceType=W&appVersion=185
https://api.moneycontrol.com/mcapi/extdata/v2/mc-insights?scId={sc_id}&type=c&deviceType=W&appVersion=185,GET,MoneyControl,explore_mc_tl.py:390,,,,urls_directory.csv,SUCCESS,https://api.moneycontrol.com/mcapi/extdata/v2/mc-insights?scId=BE03&type=c&deviceType=W&appVersion=185
https://api.moneycontrol.com/mcapi/technicalpicks/chart-patterns?deviceType=W&version=174&start=0&limit=12&pattern_type=all&sc_id=${scId},GET,MoneyControl,mcApiService.ts:671,,,,urls_directory.csv,SUCCESS,https://api.moneycontrol.com/mcapi/technicalpicks/chart-patterns?deviceType=W&version=174&start=0&limit=12&pattern_type=all&sc_id=IT
https://api.moneycontrol.com/mcapi/technicals/v2/details?scId=${scId}&dur=${dur}&deviceType=W,GET,MoneyControl,mcApiService.ts:604,,,,urls_directory.csv,SUCCESS,https://api.moneycontrol.com/mcapi/technicals/v2/details?scId=BE03&dur=D&deviceType=W
https://api.moneycontrol.com/mcapi/technicals/v2/details?scId={sc_id}&dur={dur}&deviceType=W,GET,MoneyControl,explore_mc_tl.py:366,,,,urls_directory.csv,SUCCESS,https://api.moneycontrol.com/mcapi/technicals/v2/details?scId=BE03&dur=D&deviceType=W
https://api.moneycontrol.com/mcapi/v1/deals/get-stock-news,GET,MoneyControl,explore_mc_tl.py:472,,,,urls_directory.csv,SUCCESS,https://api.moneycontrol.com/mcapi/v1/deals/get-stock-news
https://api.moneycontrol.com/mcapi/v1/deals/insight?start=0&limit=${limit}&value=value&range=1W&action=${action}&dealsType=${dealsType},GET,MoneyControl,marketIntelService.ts:128,,,,urls_directory.csv,SUCCESS,https://api.moneycontrol.com/mcapi/v1/deals/insight?start=0&limit=3&value=value&range=1W&action=buy
https://api.moneycontrol.com/mcapi/v1/deals/insight?start=0&limit=3&value=value&range=1W&action={action},GET,MoneyControl,explore_mc_tl.py:477,,,,urls_directory.csv,SUCCESS,https://api.moneycontrol.com/mcapi/v1/deals/insight?start=0&limit=3&value=value&range=1W&action=buy
https://api.moneycontrol.com/mcapi/v1/deals/insight?start=0&limit=9&value=value&range=1W&action={action}&dealsType=topDeal,GET,MoneyControl,explore_mc_tl.py:475,,,,urls_directory.csv,SUCCESS,https://api.moneycontrol.com/mcapi/v1/deals/insight?start=0&limit=3&value=value&range=1W&action=buy
https://api.moneycontrol.com/mcapi/v1/deals/insight?start=0&limit=9&value=value&range=1W&action={action}&dealsType=topInsider,GET,MoneyControl,explore_mc_tl.py:479,,,,urls_directory.csv,SUCCESS,https://api.moneycontrol.com/mcapi/v1/deals/insight?start=0&limit=3&value=value&range=1W&action=buy
https://api.moneycontrol.com/mcapi/v1/deals/insight?start=0&limit=9&value=value&range=1W&action={action}&dealsType=topInvestor,GET,MoneyControl,explore_mc_tl.py:481,,,,urls_directory.csv,SUCCESS,https://api.moneycontrol.com/mcapi/v1/deals/insight?start=0&limit=3&value=value&range=1W&action=buy
https://api.moneycontrol.com/mcapi/v1/deals/largedeals-insight?start=0&limit=3&orderBy=dealsValue&deviceType=W,GET,MoneyControl,explore_mc_tl.py:470,,,,urls_directory.csv,SUCCESS,https://api.moneycontrol.com/mcapi/v1/deals/largedeals-insight?start=0&limit=3&orderBy=dealsValue&deviceType=W
https://api.moneycontrol.com/mcapi/v1/deals/largedeals-insight?start=0&limit=6&orderBy=dealsValue&deviceType=W,GET,MoneyControl,marketIntelService.ts:134,,,,urls_directory.csv,SUCCESS,https://api.moneycontrol.com/mcapi/v1/deals/largedeals-insight?start=0&limit=3&orderBy=dealsValue&deviceType=W
https://api.moneycontrol.com/mcapi/v1/deals/list?start=0&limit=${limit}&orderBy=${orderBy}&sortBy=DESC&dealType=${dealType}&deviceType=W&apiVersion=177,GET,MoneyControl,marketIntelService.ts:118,,,,urls_directory.csv,SUCCESS,https://api.moneycontrol.com/mcapi/v1/deals/list?start=0&limit=24&orderBy=deal_date&sortBy=DESC&dealType=large&deviceType=W&apiVersion=177
https://api.moneycontrol.com/mcapi/v1/deals/list?start=0&limit=${limit}&orderBy=deal_date&sortBy=DESC&deviceType=W,GET,MoneyControl,marketIntelService.ts:113,,,,urls_directory.csv,SUCCESS,https://api.moneycontrol.com/mcapi/v1/deals/list?start=0&limit=24&orderBy=deal_date&sortBy=DESC&dealType=large&deviceType=W&apiVersion=177
https://api.moneycontrol.com/mcapi/v1/deals/list?start=0&limit=24&orderBy=deal_date&sortBy=DESC&dealType=large&deviceType=W&apiVersion=177,GET,MoneyControl,explore_mc_tl.py:462,,,,urls_directory.csv,SUCCESS,https://api.moneycontrol.com/mcapi/v1/deals/list?start=0&limit=24&orderBy=deal_date&sortBy=DESC&dealType=large&deviceType=W&apiVersion=177
https://api.moneycontrol.com/mcapi/v1/deals/list?start=0&limit=24&orderBy=deal_date&sortBy=DESC&deviceType=W,GET,MoneyControl,explore_mc_tl.py:468,,,,urls_directory.csv,SUCCESS,https://api.moneycontrol.com/mcapi/v1/deals/list?start=0&limit=24&orderBy=deal_date&sortBy=DESC&dealType=large&deviceType=W&apiVersion=177
https://api.moneycontrol.com/mcapi/v1/deals/list?start=0&limit=24&orderBy=dealsValue&sortBy=DESC&dealType=topStock&deviceType=W&apiVersion=177,GET,MoneyControl,explore_mc_tl.py:464,,,,urls_directory.csv,SUCCESS,https://api.moneycontrol.com/mcapi/v1/deals/list?start=0&limit=24&orderBy=deal_date&sortBy=DESC&dealType=large&deviceType=W&apiVersion=177
https://api.moneycontrol.com/mcapi/v1/deals/list?start=0&limit=24&orderBy=dealsValue&sortBy=DESC&dealType=topStockSectorWise&deviceType=W&apiVersion=177,GET,MoneyControl,explore_mc_tl.py:466,,,,urls_directory.csv,SUCCESS,https://api.moneycontrol.com/mcapi/v1/deals/list?start=0&limit=24&orderBy=deal_date&sortBy=DESC&dealType=large&deviceType=W&apiVersion=177
https://api.moneycontrol.com/mcapi/v1/earnings/actual-estimate?page=1&limit=${limit},GET,MoneyControl,marketIntelService.ts:324,,,,urls_directory.csv,SUCCESS,https://api.moneycontrol.com/mcapi/v1/earnings/actual-estimate?page=1&limit=6
https://api.moneycontrol.com/mcapi/v1/earnings/actual-estimate?page=1&limit=6,GET,MoneyControl,explore_mc_tl.py:489,,,,urls_directory.csv,SUCCESS,https://api.moneycontrol.com/mcapi/v1/earnings/actual-estimate?page=1&limit=6
https://api.moneycontrol.com/mcapi/v1/earnings/get-earnings-data?indexId=All&page=1&startDate=${d}&endDate=${d}&sector=&limit=${limit},GET,MoneyControl,marketIntelService.ts:301,,,,urls_directory.csv,SUCCESS,https://api.moneycontrol.com/mcapi/v1/earnings/get-earnings-data?indexId=All&page=1&startDate=2025-09-16&endDate=2025-09-16&sector=&limit=18
https://api.moneycontrol.com/mcapi/v1/earnings/get-earnings-data?indexId=All&page=1&startDate={today}&endDate={today}&sector=&limit=18,GET,MoneyControl,explore_mc_tl.py:497,,,,urls_directory.csv,SUCCESS,https://api.moneycontrol.com/mcapi/v1/earnings/get-earnings-data?indexId=All&page=1&startDate=2025-09-16&endDate=2025-09-16&sector=&limit=18
https://api.moneycontrol.com/mcapi/v1/earnings/inc-widget?indexId=all,GET,MoneyControl,explore_mc_tl.py:485,,,,urls_directory.csv,SUCCESS,https://api.moneycontrol.com/mcapi/v1/earnings/inc-widget?indexId=all
https://api.moneycontrol.com/mcapi/v1/earnings/price-shockers?limit=${limit}&page=1,GET,MoneyControl,marketIntelService.ts:318,,,,urls_directory.csv,SUCCESS,https://api.moneycontrol.com/mcapi/v1/earnings/price-shockers?limit=8&page=1
https://api.moneycontrol.com/mcapi/v1/earnings/price-shockers?limit=8&page=1,GET,MoneyControl,explore_mc_tl.py:487,,,,urls_directory.csv,SUCCESS,https://api.moneycontrol.com/mcapi/v1/earnings/price-shockers?limit=8&page=1
https://api.moneycontrol.com/mcapi/v1/earnings/rapid-results?limit=21&page=1&type=BP&subType=yoy&category=all&sortBy=growth&indexId=N&sector=&search=&seq=desc,GET,MoneyControl,"explore_mc_tl.py:493, marketIntelService.ts:312",,,,urls_directory.csv,SUCCESS,https://api.moneycontrol.com/mcapi/v1/earnings/rapid-results?limit=9&page=1&type=LR&subType=yoy
https://api.moneycontrol.com/mcapi/v1/earnings/rapid-results?limit=9&page=1&type=LR&subType=yoy,GET,MoneyControl,"explore_mc_tl.py:491, marketIntelService.ts:308",,,,urls_directory.csv,SUCCESS,https://api.moneycontrol.com/mcapi/v1/earnings/rapid-results?limit=9&page=1&type=LR&subType=yoy
https://api.moneycontrol.com/mcapi/v1/earnings/result-calendar?indexId=All&fromDate={today}&toDate={today}&sector=,GET,MoneyControl,explore_mc_tl.py:495,,,,urls_directory.csv,SUCCESS,https://api.moneycontrol.com/mcapi/v1/earnings/result-calendar?indexId=All&fromDate=2025-09-16&toDate=2025-09-21&sector=
https://api.moneycontrol.com/mcapi/v1/earnings/result-dashboard,GET,MoneyControl,"explore_mc_tl.py:499, marketIntelService.ts:277",,,,urls_directory.csv,SUCCESS,https://api.moneycontrol.com/mcapi/v1/earnings/result-dashboard
https://api.moneycontrol.com/mcapi/v1/ecalendar/get-upcoming-event-data?page=1&pageSize=7,GET,MoneyControl,"explore_mc_tl.py:508, marketIntelService.ts:20",,,,urls_directory.csv,SUCCESS,https://api.moneycontrol.com/mcapi/v1/ecalendar/get-upcoming-event-data?page=1&pageSize=7
https://api.moneycontrol.com/mcapi/v1/fno/futures/getExpDts?id=${scId},GET,MoneyControl,marketIntelService.ts:438,,,,urls_directory.csv,SUCCESS,https://api.moneycontrol.com/mcapi/v1/fno/futures/getExpDts?id=BE03
https://api.moneycontrol.com/mcapi/v1/fno/futures/getExpDts?id={sc_id},GET,MoneyControl,explore_mc_tl.py:414,,,,urls_directory.csv,SUCCESS,https://api.moneycontrol.com/mcapi/v1/fno/futures/getExpDts?id=BE03
https://api.moneycontrol.com/mcapi/v1/fno/futures/getFuturesData?fut=FUTSTK&id=${scId}&expirydate=${expiry},GET,MoneyControl,marketIntelService.ts:444,,,,urls_directory.csv,SUCCESS,https://api.moneycontrol.com/mcapi/v1/fno/futures/getFuturesData?fut=FUTSTK&id=BE03&expirydate='2025-10-28
https://api.moneycontrol.com/mcapi/v1/fno/futures/getFuturesData?fut=FUTSTK&id={sc_id}&expirydate={expiry},GET,MoneyControl,explore_mc_tl.py:416,,,,urls_directory.csv,SUCCESS,https://api.moneycontrol.com/mcapi/v1/fno/futures/getFuturesData?fut=FUTSTK&id=BE03&expirydate='2025-10-28
https://api.moneycontrol.com/mcapi/v1/fno/options/getStrikePrice?id={sc_id}&expirydate={expiry}&optiontype=CE,GET,MoneyControl,explore_mc_tl.py:418,,,,urls_directory.csv,SUCCESS,https://api.moneycontrol.com/mcapi/v1/fno/options/getStrikePrice?id=BE03&expirydate=2025-09-30&optiontype=CE
https://api.moneycontrol.com/mcapi/v1/indices/chart/exchange-advdec?ex=${ex},GET,MoneyControl,indexApiService.ts:89,,,,urls_directory.csv,SUCCESS,https://api.moneycontrol.com/mcapi/v1/indices/chart/exchange-advdec?ex=N
https://api.moneycontrol.com/mcapi/v1/indices/chart/exchange-advdec?ex=N,GET,MoneyControl,"explore_mc_tl.py:233, marketIntelService.ts:489",,,,urls_directory.csv,SUCCESS,https://api.moneycontrol.com/mcapi/v1/indices/chart/exchange-advdec?ex=N
https://api.moneycontrol.com/mcapi/v1/indices/fundamentals/epsdetail?indId={ind_id},GET,MoneyControl,explore_mc_tl.py:279,,,,urls_directory.csv,SUCCESS,https://api.moneycontrol.com/mcapi/v1/indices/fundamentals/epsdetail?indId=9
https://api.moneycontrol.com/mcapi/v1/indices/fundamentals/graph/pb?indId=${indId}&duration=${duration},GET,MoneyControl,indexApiService.ts:110,,,,urls_directory.csv,SUCCESS,https://api.moneycontrol.com/mcapi/v1/indices/fundamentals/graph/pb?indId=9&duration=1Y
https://api.moneycontrol.com/mcapi/v1/indices/fundamentals/graph/pb?indId={ind_id}&duration=1Y,GET,MoneyControl,explore_mc_tl.py:285,,,,urls_directory.csv,SUCCESS,https://api.moneycontrol.com/mcapi/v1/indices/fundamentals/graph/pb?indId=9&duration=1Y
https://api.moneycontrol.com/mcapi/v1/indices/fundamentals/graph/pe?indId=${indId}&duration=${duration},GET,MoneyControl,indexApiService.ts:99,,,,urls_directory.csv,SUCCESS,https://api.moneycontrol.com/mcapi/v1/indices/fundamentals/graph/pe?indId=9&duration=1Y
https://api.moneycontrol.com/mcapi/v1/indices/fundamentals/graph/pe?indId={ind_id}&duration=1Y,GET,MoneyControl,explore_mc_tl.py:282,,,,urls_directory.csv,SUCCESS,https://api.moneycontrol.com/mcapi/v1/indices/fundamentals/graph/pe?indId=9&duration=1Y
https://api.moneycontrol.com/mcapi/v1/indices/fundamentals/overview?indId=${indId},GET,MoneyControl,indexApiService.ts:61,,,,urls_directory.csv,SUCCESS,https://api.moneycontrol.com/mcapi/v1/indices/fundamentals/overview?indId=9
https://api.moneycontrol.com/mcapi/v1/indices/fundamentals/overview?indId={ind_id},GET,MoneyControl,explore_mc_tl.py:276,,,,urls_directory.csv,SUCCESS,https://api.moneycontrol.com/mcapi/v1/indices/fundamentals/overview?indId=9
https://api.moneycontrol.com/mcapi/v1/indices/get-indian-indices,GET,MoneyControl,"explore_mc_tl.py:224, indexApiService.ts:51, marketData.ts:38",,,,urls_directory.csv,SUCCESS,https://api.moneycontrol.com/mcapi/v1/indices/get-indian-indices
https://api.moneycontrol.com/mcapi/v1/indices/get-indices-details?indexId=${indexId},GET,MoneyControl,insightService.ts:244,,,,urls_directory.csv,SUCCESS,https://api.moneycontrol.com/mcapi/v1/indices/get-indices-details?indexId=4
https://api.moneycontrol.com/mcapi/v1/indices/get-indices-details?indexId={ind_id},GET,MoneyControl,explore_mc_tl.py:244,,,,urls_directory.csv,SUCCESS,https://api.moneycontrol.com/mcapi/v1/indices/get-indices-details?indexId=4
https://api.moneycontrol.com/mcapi/v1/indices/get-indices-list,GET,MoneyControl,"explore_mc_tl.py:221, marketIntelService.ts:495",,,,urls_directory.csv,SUCCESS,https://api.moneycontrol.com/mcapi/v1/indices/get-indices-list?appVersion=136
https://api.moneycontrol.com/mcapi/v1/indices/get-indices-list?appVersion={av},GET,MoneyControl,explore_mc_tl.py:229,,,,urls_directory.csv,SUCCESS,https://api.moneycontrol.com/mcapi/v1/indices/get-indices-list?appVersion=136
https://api.moneycontrol.com/mcapi/v1/premarket/article?slug=${slug}&limit=1,GET,MoneyControl,marketIntelService.ts:8,,,,urls_directory.csv,SUCCESS,https://api.moneycontrol.com/mcapi/v1/premarket/article?slug=international-markets&limit=1
https://api.moneycontrol.com/mcapi/v1/premarket/article?slug={slug}&limit=1,GET,MoneyControl,explore_mc_tl.py:504,,,,urls_directory.csv,SUCCESS,https://api.moneycontrol.com/mcapi/v1/premarket/article?slug=international-markets&limit=1
https://api.moneycontrol.com/mcapi/v1/premarket/get-global-marketdata?section=mi,GET,MoneyControl,"explore_mc_tl.py:506, marketIntelService.ts:14",,,,urls_directory.csv,SUCCESS,https://api.moneycontrol.com/mcapi/v1/premarket/get-global-marketdata?section=mi
https://api.moneycontrol.com/mcapi/v1/premarket/getBrokerResearchReco?sublevel=stocks&start=0&limit=12,GET,MoneyControl,marketIntelService.ts:50,,,,urls_directory.csv,SUCCESS,https://api.moneycontrol.com/mcapi/v1/premarket/getBrokerResearchReco?sublevel=stocks&start=0&limit=6
https://api.moneycontrol.com/mcapi/v1/premarket/getBrokerResearchReco?sublevel=stocks&start=0&limit=6,GET,MoneyControl,explore_mc_tl.py:518,,,,urls_directory.csv,SUCCESS,https://api.moneycontrol.com/mcapi/v1/premarket/getBrokerResearchReco?sublevel=stocks&start=0&limit=6
https://api.moneycontrol.com/mcapi/v1/premarket/getBrokerResearchReco?sublevel=stocks&start=8&limit=24,GET,MoneyControl,explore_mc_tl.py:520,,,,urls_directory.csv,SUCCESS,https://api.moneycontrol.com/mcapi/v1/premarket/getBrokerResearchReco?sublevel=stocks&start=0&limit=6
https://api.moneycontrol.com/mcapi/v1/premarket/getFllActivityData?type=cash,GET,MoneyControl,"explore_mc_tl.py:512, marketIntelService.ts:32",,,,urls_directory.csv,SUCCESS,https://api.moneycontrol.com/mcapi/v1/premarket/getFllActivityData?type=cash
https://api.moneycontrol.com/mcapi/v1/premarket/getMarketNewsData?limit=6,GET,MoneyControl,explore_mc_tl.py:516,,,,urls_directory.csv,SUCCESS,https://api.moneycontrol.com/mcapi/v1/premarket/getMarketNewsData?limit=6
https://api.moneycontrol.com/mcapi/v1/premarket/getMarketNewsData?limit=8,GET,MoneyControl,marketIntelService.ts:44,,,,urls_directory.csv,SUCCESS,https://api.moneycontrol.com/mcapi/v1/premarket/getMarketNewsData?limit=6
https://api.moneycontrol.com/mcapi/v1/premarket/getMarketViewsData?cat=all&start=0&limit=9,GET,MoneyControl,"explore_mc_tl.py:510, marketIntelService.ts:26",,,,urls_directory.csv,SUCCESS,https://api.moneycontrol.com/mcapi/v1/premarket/getMarketViewsData?cat=all&start=0&limit=9
https://api.moneycontrol.com/mcapi/v1/premarket/getStockToWatchData?start=0&limit=3&sortby=rank&sortorder=asc,GET,MoneyControl,explore_mc_tl.py:514,,,,urls_directory.csv,SUCCESS,https://api.moneycontrol.com/mcapi/v1/premarket/getStockToWatchData?start=0&limit=3&sortby=rank&sortorder=asc
https://api.moneycontrol.com/mcapi/v1/premarket/getStockToWatchData?start=0&limit=6&sortby=rank&sortorder=asc,GET,MoneyControl,marketIntelService.ts:38,,,,urls_directory.csv,SUCCESS,https://api.moneycontrol.com/mcapi/v1/premarket/getStockToWatchData?start=0&limit=3&sortby=rank&sortorder=asc
https://api.moneycontrol.com/mcapi/v1/stock/estimates/analyst-rating?deviceType=W&scId=${scId}&ex=N,GET,MoneyControl,"insightService.ts:140, mcApiService.ts:515",,,,urls_directory.csv,SUCCESS,https://api.moneycontrol.com/mcapi/v1/stock/estimates/analyst-rating?deviceType=W&scId=BE03&ex=N
https://api.moneycontrol.com/mcapi/v1/stock/estimates/analyst-rating?deviceType=W&scId={mcsymbol}&ex=N,GET,MoneyControl,moneycontrol_fetcher.py:358,,,,urls_directory.csv,SUCCESS,https://api.moneycontrol.com/mcapi/v1/stock/estimates/analyst-rating?deviceType=W&scId=BE03&ex=N
https://api.moneycontrol.com/mcapi/v1/stock/estimates/analyst-rating?deviceType=W&scId={sc_id}&ex=N,GET,MoneyControl,explore_mc_tl.py:405,,,,urls_directory.csv,SUCCESS,https://api.moneycontrol.com/mcapi/v1/stock/estimates/analyst-rating?deviceType=W&scId=BE03&ex=N
https://api.moneycontrol.com/mcapi/v1/stock/estimates/consensus?scId=${scId}&ex=N&deviceType=W,GET,MoneyControl,mcApiService.ts:545,,,,urls_directory.csv,SUCCESS,https://api.moneycontrol.com/mcapi/v1/stock/estimates/consensus?scId=BE03&ex=N&deviceType=W
https://api.moneycontrol.com/mcapi/v1/stock/estimates/consensus?scId={sc_id}&ex=N&deviceType=W,GET,MoneyControl,explore_mc_tl.py:403,,,,urls_directory.csv,SUCCESS,https://api.moneycontrol.com/mcapi/v1/stock/estimates/consensus?scId=BE03&ex=N&deviceType=W
https://api.moneycontrol.com/mcapi/v1/stock/estimates/earning-forecast?scId=${scId}&ex=N&deviceType=W&frequency=12&financialType=C,GET,MoneyControl,"insightService.ts:141, mcApiService.ts:525",,,,urls_directory.csv,SUCCESS,https://api.moneycontrol.com/mcapi/v1/stock/estimates/earning-forecast?scId=BE03&ex=N&deviceType=W&frequency=12&financialType=C
https://api.moneycontrol.com/mcapi/v1/stock/estimates/earning-forecast?scId={mcsymbol}&ex=N&deviceType=W&frequency=12&financialType=C,GET,MoneyControl,moneycontrol_fetcher.py:360,,,,urls_directory.csv,SUCCESS,https://api.moneycontrol.com/mcapi/v1/stock/estimates/earning-forecast?scId=BE03&ex=N&deviceType=W&frequency=12&financialType=C
https://api.moneycontrol.com/mcapi/v1/stock/estimates/earning-forecast?scId={scId}&ex=N&deviceType=W&frequency=12&financialType=C,GET,MoneyControl,analyst_estimates_snapshot.py:37,,,,urls_directory.csv,SUCCESS,https://api.moneycontrol.com/mcapi/v1/stock/estimates/earning-forecast?scId=BE03&ex=N&deviceType=W&frequency=12&financialType=C
https://api.moneycontrol.com/mcapi/v1/stock/estimates/earning-forecast?scId={sc_id}&ex=N&deviceType=W&frequency=12&financialType=C,GET,MoneyControl,explore_mc_tl.py:407,,,,urls_directory.csv,SUCCESS,https://api.moneycontrol.com/mcapi/v1/stock/estimates/earning-forecast?scId=BE03&ex=N&deviceType=W&frequency=12&financialType=C
https://api.moneycontrol.com/mcapi/v1/stock/estimates/hits-misses?deviceType=W&scId=${scId}&ex=N&type=eps&financialType=C,GET,MoneyControl,"insightService.ts:143, mcApiService.ts:555",,,,urls_directory.csv,SUCCESS,https://api.moneycontrol.com/mcapi/v1/stock/estimates/hits-misses?deviceType=W&scId=BE03&ex=N&type=eps&financialType=C
https://api.moneycontrol.com/mcapi/v1/stock/estimates/hits-misses?deviceType=W&scId={mcsymbol}&ex=N&type=eps&financialType=C,GET,MoneyControl,moneycontrol_fetcher.py:361,,,,urls_directory.csv,SUCCESS,https://api.moneycontrol.com/mcapi/v1/stock/estimates/hits-misses?deviceType=W&scId=BE03&ex=N&type=eps&financialType=C
https://api.moneycontrol.com/mcapi/v1/stock/estimates/hits-misses?deviceType=W&scId={sc_id}&ex=N&type=eps&financialType=C,GET,MoneyControl,explore_mc_tl.py:411,,,,urls_directory.csv,SUCCESS,https://api.moneycontrol.com/mcapi/v1/stock/estimates/hits-misses?deviceType=W&scId=BE03&ex=N&type=eps&financialType=C
https://api.moneycontrol.com/mcapi/v1/stock/estimates/price-forecast?scId=${scId}&ex=N&deviceType=W,GET,MoneyControl,"insightService.ts:139, mcApiService.ts:535",,,,urls_directory.csv,SUCCESS,https://api.moneycontrol.com/mcapi/v1/stock/estimates/price-forecast?scId=BE03&ex=N&deviceType=W
https://api.moneycontrol.com/mcapi/v1/stock/estimates/price-forecast?scId={mcsymbol}&ex=N&deviceType=W,GET,MoneyControl,moneycontrol_fetcher.py:359,,,,urls_directory.csv,SUCCESS,https://api.moneycontrol.com/mcapi/v1/stock/estimates/price-forecast?scId=BE03&ex=N&deviceType=W
https://api.moneycontrol.com/mcapi/v1/stock/estimates/price-forecast?scId={sc_id}&ex=N&deviceType=W,GET,MoneyControl,explore_mc_tl.py:401,,,,urls_directory.csv,SUCCESS,https://api.moneycontrol.com/mcapi/v1/stock/estimates/price-forecast?scId=BE03&ex=N&deviceType=W
https://api.moneycontrol.com/mcapi/v1/stock/estimates/valuation?deviceType=W&scId=${scId}&ex=N&financialType=C,GET,MoneyControl,"insightService.ts:144, mcApiService.ts:565",,,,urls_directory.csv,SUCCESS,https://api.moneycontrol.com/mcapi/v1/stock/estimates/valuation?deviceType=W&scId=BE03&ex=N&financialType=C
https://api.moneycontrol.com/mcapi/v1/stock/estimates/valuation?deviceType=W&scId={sc_id}&ex=N&financialType=C,GET,MoneyControl,explore_mc_tl.py:409,,,,urls_directory.csv,SUCCESS,https://api.moneycontrol.com/mcapi/v1/stock/estimates/valuation?deviceType=W&scId=BE03&ex=N&financialType=C
https://api.moneycontrol.com/mcapi/v1/stock/financial-historical/overview?scId=${scId}&ex=N,GET,MoneyControl,mcApiService.ts:575,,,,urls_directory.csv,SUCCESS,https://api.moneycontrol.com/mcapi/v1/stock/financial-historical/overview?scId=BE03&ex=N
https://api.moneycontrol.com/mcapi/v1/stock/financial-historical/overview?scId={sc_id}&ex=N,GET,MoneyControl,explore_mc_tl.py:358,,,,urls_directory.csv,SUCCESS,https://api.moneycontrol.com/mcapi/v1/stock/financial-historical/overview?scId=BE03&ex=N
https://api.moneycontrol.com/mcapi/v1/stock/price-volume?scId=${scId}&ex=&appVersion=175,GET,MoneyControl,"insightService.ts:142, mcApiService.ts:503",,,,urls_directory.csv,SUCCESS,https://api.moneycontrol.com/mcapi/v1/stock/price-volume?scId=BE03&ex=&appVersion=175
https://api.moneycontrol.com/mcapi/v1/stock/price-volume?scId={sc_id}&ex=&appVersion=175,GET,MoneyControl,explore_mc_tl.py:356,,,,urls_directory.csv,SUCCESS,https://api.moneycontrol.com/mcapi/v1/stock/price-volume?scId=BE03&ex=&appVersion=175
https://api.moneycontrol.com/mcapi/v1/technical-trends/{tdir}/{ttype}?ex=N&index={idx}&page=1&order={order}&deviceType=W&sort={sort}&appVersion=142,GET,MoneyControl,explore_mc_tl.py:459,,,,urls_directory.csv,SUCCESS,https://api.moneycontrol.com/mcapi/v1/technical-trends/uptrend/bullish?ex=N&index=7&page=1&order=desc&deviceType=W&sort=performance&appVersion=142
https://appfeeds.moneycontrol.com/jsonapi/fno/overview&format=json&inst_type=Futures&id={fid}&ExpiryDate=,GET,MoneyControl,explore_mc_tl.py:298,,,,urls_directory.csv,SUCCESS,https://appfeeds.moneycontrol.com/jsonapi/fno/overview&format=json&inst_type=Futures&id=BANKNIFTY&ExpiryDate=
https://appfeeds.moneycontrol.com/jsonapi/fno/overview&format=json&inst_type=Options&option_type={opt_type}&id={fid}&ExpiryDate=,GET,MoneyControl,explore_mc_tl.py:303,,,,urls_directory.csv,SUCCESS,https://appfeeds.moneycontrol.com/jsonapi/fno/overview&format=json&inst_type=options&option_type=PE&id=NIFTY&ExpiryDate=
https://appfeeds.moneycontrol.com/jsonapi/fno/overview?format=json&inst_type=${instType}&id=${id}&ExpiryDate=,GET,MoneyControl,fnoService.ts:258,,,,urls_directory.csv,SUCCESS,https://appfeeds.moneycontrol.com/jsonapi/fno/overview&format=json&inst_type=Futures&id=BANKNIFTY&ExpiryDate=
https://appfeeds.moneycontrol.com/jsonapi/market/graph&format=json&ind_id={ind_id}&range={rng}&type={gtype},GET,MoneyControl,explore_mc_tl.py:266,,,,urls_directory.csv,SUCCESS,https://appfeeds.moneycontrol.com/jsonapi/market/graph&format=json&ind_id=38&range=1d&type=line
https://appfeeds.moneycontrol.com/jsonapi/market/indices&format=json&ind_id={ind_id},GET,MoneyControl,explore_mc_tl.py:248,,,,urls_directory.csv,SUCCESS,https:////appfeeds.moneycontrol.com//jsonapi//market//indices&format=json&ind_id=38
https://appfeeds.moneycontrol.com/jsonapi/market/marketmap&format=json&type={mtype}&ind_id={ind_id},GET,MoneyControl,explore_mc_tl.py:256,,,,urls_directory.csv,SUCCESS,https://appfeeds.moneycontrol.com//jsonapi//market//marketmap&format=json&type=0&ind_id=38
https://appfeeds.moneycontrol.com/jsonapi/market/marketmap?format=json&type=1&ind_id=${indId},GET,MoneyControl,marketData.ts:31,,,,urls_directory.csv,SUCCESS,https://appfeeds.moneycontrol.com//jsonapi//market//marketmap&format=json&type=0&ind_id=38
https://priceapi.moneycontrol.com/pricefeed/notapplicable/inidicesindia/{enc},GET,MoneyControl,explore_mc_tl.py:251,,,,urls_directory.csv,SUCCESS,https:////priceapi.moneycontrol.com//pricefeed//notapplicable//inidicesindia//in%3BNSX
https://priceapi.moneycontrol.com/pricefeed/nse/equitycash/{sc_id},GET,MoneyControl,explore_mc_tl.py:355,,,,urls_directory.csv,SUCCESS,https://priceapi.moneycontrol.com/pricefeed/nse/equitycash/BE03
https://priceapi.moneycontrol.com/pricefeed/techindicator/{period}/{enc},GET,MoneyControl,explore_mc_tl.py:271,,,,urls_directory.csv,SUCCESS,https://priceapi.moneycontrol.com//pricefeed//techindicator//D//in%3Bnbx
https://priceapi.moneycontrol.com/pricefeed/techindicator/{period}/{sc_id},GET,MoneyControl,explore_mc_tl.py:362,,,,urls_directory.csv,SUCCESS,https://priceapi.moneycontrol.com//pricefeed//techindicator//D//in%3Bnbx
https://priceapi.moneycontrol.com/techCharts/indianMarket/stock/history,GET,MoneyControl,"explore_mc_tl.py:351, intraday_fetcher.py:50",,,,urls_directory.csv,SUCCESS,https://priceapi.moneycontrol.com/techCharts/indianMarket/stock/history?symbol=INFY&resolution=1D&from=1781207470&to=1782071470&countback=2&currencyCode=INR
https://priceapi.moneycontrol.com/techCharts/indianMarket/stock/history?,GET,MoneyControl,moneycontrol_fetcher.py:411,,,,urls_directory.csv,SUCCESS,https://priceapi.moneycontrol.com/techCharts/indianMarket/stock/history?symbol=INFY&resolution=1D&from=1781207470&to=1782071470&countback=2&currencyCode=INR
https://priceapi.moneycontrol.com/techCharts/indianMarket/stock/history?symbol=${encodeURIComponent(mcSymbol)}&resolution=${resolution}&from=${from}&to=${to}&countback=329&currencyCode=INR,GET,MoneyControl,marketData.ts:116,,,,urls_directory.csv,SUCCESS,https://priceapi.moneycontrol.com/techCharts/indianMarket/stock/history?symbol=INFY&resolution=1D&from=1781207470&to=1782071470&countback=2&currencyCode=INR
https://priceapi.moneycontrol.com/techCharts/indianMarket/stock/history?symbol=${encodeURIComponent(mcSymbol)}&resolution=1D&from=543110400&to=${to}&countback=9869&currencyCode=INR,GET,MoneyControl,marketData.ts:118,,,,urls_directory.csv,SUCCESS,https://priceapi.moneycontrol.com/techCharts/indianMarket/stock/history?symbol=INFY&resolution=1D&from=1781207470&to=1782071470&countback=2&currencyCode=INR
https://www.moneycontrol.com/mc/widget/historicalrating/ratingPro?classic=true&type=gson&sc_did=${scId}&period=${period}&dur=6m,GET,MoneyControl,mcApiService.ts:597,,,,urls_directory.csv,SUCCESS,https://www.moneycontrol.com/mc/widget/historicalrating/ratingPro?classic=true&type=gson&sc_did=BE03&period=D&dur=6m
https://www.moneycontrol.com/mc/widget/historicalrating/ratingPro?classic=true&type=gson&sc_did={sc_id}&period={period}&dur=6m,GET,MoneyControl,explore_mc_tl.py:380,,,,urls_directory.csv,SUCCESS,https://www.moneycontrol.com/mc/widget/historicalrating/ratingPro?classic=true&type=gson&sc_did=BE03&period=D&dur=6m
https://www.moneycontrol.com/mc/widget/historicalrating?classic=true&type=gson&indice_id={sym}&period={period},GET,MoneyControl,explore_mc_tl.py:290,,,,urls_directory.csv,SUCCESS,https://www.moneycontrol.com/mc/widget/historicalrating?classic=true&type=gson&indice_id=in;cpr&period=W
https://www.moneycontrol.com/newsapi/mc_news.php?query=tags_slug:(,GET,MoneyControl,"explore_mc_tl.py:523, explore_mc_tl.py:525, explore_mc_tl.py:527",,,,urls_directory.csv,SUCCESS,https://www.moneycontrol.com/newsapi/mc_news.php?query=tags_slug%3A(%22results%22+%22result-poll%22+%22brokerage-results-estimates%22+%22result-analysis%22)&start=0&limit=8&sortby=creation_date&sortorder=desc
https://www.moneycontrol.com/stocks/company_info/get_vwap_chart_data.php?classic=true&sc_did=${scId},GET,MoneyControl,mcApiService.ts:818,,,,urls_directory.csv,SUCCESS,https://www.moneycontrol.com/stocks/company_info/get_vwap_chart_data.php?classic=true&sc_did=BE03
https://www.moneycontrol.com/stocks/company_info/get_vwap_chart_data.php?classic=true&sc_did={sc_id},GET,MoneyControl,explore_mc_tl.py:398,,,,urls_directory.csv,SUCCESS,https://www.moneycontrol.com/stocks/company_info/get_vwap_chart_data.php?classic=true&sc_did=BE03
https://api.moneycontrol.com/mcapi/v1/stock/estimates/analyst-rating?deviceType=W&scId={scId}&ex=N,GET,MoneyControl / api.moneycontrol.com,analyst_estimates_snapshot.py:35,"mc_analyst_ratings, analyst_estimates_history, proprietary_scores_history","moneycontrol_fetcher.py, analyst_estimates_snapshot.py",Corporate SWOT & Analyst Recommendations,"urls_directory.csv, existing_sqlite_postgres_db.csv",SUCCESS,https://api.moneycontrol.com/mcapi/v1/stock/estimates/analyst-rating?deviceType=W&scId=BE03&ex=N
https://api.moneycontrol.com/mcapi/v1/stock/estimates/price-forecast?scId={scId}&ex=N&deviceType=W,GET,MoneyControl / api.moneycontrol.com,analyst_estimates_snapshot.py:36,"mc_price_forecast, analyst_estimates_history, proprietary_scores_history","moneycontrol_fetcher.py, analyst_estimates_snapshot.py",Corporate SWOT & Analyst Recommendations,"urls_directory.csv, existing_sqlite_postgres_db.csv",SUCCESS,https://api.moneycontrol.com/mcapi/v1/stock/estimates/price-forecast?scId=BE03&ex=N&deviceType=W
https://priceapi.moneycontrol.com/pricefeed/nse/equitycash/{mc},GET,MoneyControl / priceapi.moneycontrol.com,backfill_sector_mc.py:38,nse_stocks,backfill_sector_mc.py,Master Stock Symbol Resolution,"urls_directory.csv, existing_sqlite_postgres_db.csv",SUCCESS,https://priceapi.moneycontrol.com/pricefeed/nse/equitycash/BE03
https://webapi.niftytrader.in/webapi/Symbol/other-stock-spot-data?symbol=INDIA+VIX,GET,NiftyTrader,marketIntelService.ts:500,,,,urls_directory.csv,SUCCESS,https://webapi.niftytrader.in/webapi/Symbol/other-stock-spot-data?symbol=GIFT+NIFTY
https://webapi.niftytrader.in/webapi/option/option-chain-data?symbol=${encodeURIComponent(symbol)}&exchange=nse&expiryDate=&atmBelow=0&atmAbove=0,GET,NiftyTrader,marketIntelService.ts:475,,,,urls_directory.csv,SUCCESS,https://webapi.niftytrader.in/webapi/option/option-chain-data?symbol=nifty&exchange=nse&expiryDate=&atmBelow=0&atmAbove=0
https://webapi.niftytrader.in/webapi/option/option-chain-data?symbol=${normalizedSymbol}&exchange=nse&expiryDate=&atmBelow=0&atmAbove=0,GET,NiftyTrader,optionChainService.ts:52,,,,urls_directory.csv,SUCCESS,https://webapi.niftytrader.in/webapi/option/option-chain-data?symbol=nifty&exchange=nse&expiryDate=&atmBelow=0&atmAbove=0
https://webapi.niftytrader.in/webapi/symbol/top-gainers-data?fno_stock=false,GET,NiftyTrader,topMoversService.ts:29,,,,urls_directory.csv,SUCCESS,https://webapi.niftytrader.in/webapi/symbol/top-gainers-data?fno_stock=false
https://webapi.niftytrader.in/webapi/usstock/global-market,GET,NiftyTrader,globalMarketService.ts:22,,,,urls_directory.csv,SUCCESS,https://webapi.niftytrader.in/webapi/usstock/global-market
https://webapi.niftytrader.in/webapi/option/option-chain-data,GET,NiftyTrader / webapi.niftytrader.in,pcr_fetcher.py:35,"stock_options_oi, historical_fno_sentiment",pcr_fetcher.py,Options Chains & PCR,"urls_directory.csv, existing_sqlite_postgres_db.csv",SUCCESS,https://webapi.niftytrader.in/webapi/option/option-chain-data?symbol=nifty&exchange=nse&expiryDate=&atmBelow=0&atmAbove=0
https://webapi.niftytrader.in/webapi/option/option-chain-data?symbol={symbol}&exchange=nse&expiryDate=&atmBelow=0&atmAbove=0,GET,NiftyTrader / webapi.niftytrader.in,"pcr_engine.py:48, pcr_fetcher.py:63",stock_options_oi,"pcr_fetcher.py, pcr_engine.py",Options Chains & PCR,"urls_directory.csv, existing_sqlite_postgres_db.csv",SUCCESS,https://webapi.niftytrader.in/webapi/option/option-chain-data?symbol=nifty&exchange=nse&expiryDate=&atmBelow=0&atmAbove=0
https://kayal.trendlyne.com/broker-webview/kayal/,GET,Trendlyne,explore_mc_tl.py:828,,,,urls_directory.csv,SUCCESS,https://kayal.trendlyne.com/broker-webview/kayal/all-in-one-screener-data-get/?perPageCount=200&pageNumber=0&screenpk=48091&groupType=all&groupName=
https://kayal.trendlyne.com/broker-webview/kayal/all-in-one-screener-data-get/?perPageCount=${perPageCount}&pageNumber=0&screenpk=${screenpk}&groupType=all&groupName=,GET,Trendlyne,mcApiService.ts:831,,,,urls_directory.csv,SUCCESS,https://kayal.trendlyne.com/broker-webview/kayal/all-in-one-screener-data-get/?perPageCount=200&pageNumber=0&screenpk=48091&groupType=all&groupName=
https://kayal.trendlyne.com/broker-webview/kayal/all-in-one-screener-data-get/?perPageCount=200&pageNumber=0&screenpk={}&groupType=all&groupName=,GET,Trendlyne,test.py:1,,,,urls_directory.csv,SUCCESS,https://kayal.trendlyne.com/broker-webview/kayal/all-in-one-screener-data-get/?perPageCount=200&pageNumber=0&screenpk=48091&groupType=all&groupName=
https://smartoptions.trendlyne.com/phoenix/api/fno/market/filter/?mtype=${mtype}&expDate=${dates.iso}&screenType=${screenType},GET,Trendlyne,fnoService.ts:223,,,,urls_directory.csv,SUCCESS,https://smartoptions.trendlyne.com/phoenix/api/fno/market/filter/?mtype=options&expDate=2026-05-26&screenType=most-active-contract
https://trendlyne.com/fundamentals/all-in-one-screener-data-get/?perPageCount=25&pageNumber=0&query=FIIPCT1Q+%3E+1&columns=FIIPCT1Q%2Csholding_date%2CcurrentPrice%2Cday_changeP&groupType=all&groupName=&sortBy=FIIPCT1Q&order=DESC,GET,Trendlyne,explore_mc_tl.py:692,,,,urls_directory.csv,SUCCESS,https://trendlyne.com/fundamentals/all-in-one-screener-data-get/?perPageCount=25&pageNumber=0&query=FIIPCT1Q+%3E+1&columns=FIIPCT1Q%2Csholding_date%2CcurrentPrice%2Cday_changeP%2Cmonth_changeP%2CPROMPCT%2CPROMPCT1Q%2CPROMPLEDGE%2CFIIHOLD&groupType=all&groupName=&sortBy=FIIPCT1Q&order=DESC
https://trendlyne.com/fundamentals/all-in-one-screener-data-get/?perPageCount=25&pageNumber=0&query=vol_day+%3E%3D+1.5+*+vol_week&columns=vol_day%2Cvol_week%2CcurrentPrice%2Cday_changeP&groupType=all&groupName=&sortBy=vol_day&order=DESC,GET,Trendlyne,explore_mc_tl.py:695,,,,urls_directory.csv,SUCCESS,https://trendlyne.com/fundamentals/all-in-one-screener-data-get/?perPageCount=25&pageNumber=0&query=FIIPCT1Q+%3E+1&columns=FIIPCT1Q%2Csholding_date%2CcurrentPrice%2Cday_changeP%2Cmonth_changeP%2CPROMPCT%2CPROMPCT1Q%2CPROMPLEDGE%2CFIIHOLD&groupType=all&groupName=&sortBy=FIIPCT1Q&order=DESC
https://trendlyne.com/fundamentals/json-screener/{pk}/5/0/index/NIFTY500/nifty-500/,GET,Trendlyne,explore_mc_tl.py:677,,,,urls_directory.csv,SUCCESS,https://trendlyne.com/fundamentals/json-screener/79795/5/0/index/NIFTY500/nifty-500/
https://trendlyne.com/fundamentals/tl-all-in-one-screener-data-get/?screenpk=${screenpk}&perPageCount=${limit}&groupType=all&groupName=all,GET,Trendlyne,marketData.ts:349,,,,urls_directory.csv,SUCCESS,https://trendlyne.com/fundamentals/tl-all-in-one-screener-data-get/?perPageCount=25&columns=ten_year_high%2CcurrentPrice%2CMCAP_Q%2Cday_changeP%2CchangeP_10yr%2Cvol_day&groupType=index&groupName=NIFTY500&sortBy=day_changeP&order=DESC&query=day_high%20%3E%3D%20ten_year_high
https://trendlyne.com/fundamentals/tl-all-in-one-screener-data-get/?screenpk=19814&perPageCount=25&groupType=index&groupName=NIFTY500&groupSlug=nifty-500,GET,Trendlyne,explore_mc_tl.py:701,,,,urls_directory.csv,SUCCESS,https://trendlyne.com/fundamentals/tl-all-in-one-screener-data-get/?perPageCount=25&columns=ten_year_high%2CcurrentPrice%2CMCAP_Q%2Cday_changeP%2CchangeP_10yr%2Cvol_day&groupType=index&groupName=NIFTY500&sortBy=day_changeP&order=DESC&query=day_high%20%3E%3D%20ten_year_high
https://trendlyne.com/fundamentals/tl-all-in-one-screener-data-get/?screenpk=515760&perPageCount=25&groupType=all&groupName=all,GET,Trendlyne,explore_mc_tl.py:698,,,,urls_directory.csv,SUCCESS,https://trendlyne.com/fundamentals/tl-all-in-one-screener-data-get/?perPageCount=25&columns=ten_year_high%2CcurrentPrice%2CMCAP_Q%2Cday_changeP%2CchangeP_10yr%2Cvol_day&groupType=index&groupName=NIFTY500&sortBy=day_changeP&order=DESC&query=day_high%20%3E%3D%20ten_year_high
https://trendlyne.com/fundamentals/tl-all-in-one-screener-data-get/?screenpk={pk}&perPageCount=25&groupType=all&groupName=all,GET,Trendlyne,"explore_mc_tl.py:682, explore_mc_tl.py:687",,,,urls_directory.csv,SUCCESS,https://trendlyne.com/fundamentals/tl-all-in-one-screener-data-get/?perPageCount=25&columns=ten_year_high%2CcurrentPrice%2CMCAP_Q%2Cday_changeP%2CchangeP_10yr%2Cvol_day&groupType=index&groupName=NIFTY500&sortBy=day_changeP&order=DESC&query=day_high%20%3E%3D%20ten_year_high
https://trendlyne.com/futures-options/api-filter/{inst}/{expiry_slug}-{tenor}/{filter_type}{path_suffix},GET,Trendlyne,explore_mc_tl.py:709,,,,urls_directory.csv,SUCCESS,https://trendlyne.com/futures-options/api-filter/futures/30-sep-2021-next/contract_gainers/
https://trendlyne.com/mutual-fund/getMFhome/?category={cat},GET,Trendlyne,explore_mc_tl.py:715,,,,urls_directory.csv,SUCCESS,https://trendlyne.com/mutual-fund/getMFhome/?category=ELSS
https://kayal.trendlyne.com/broker-webview/kayal/all-in-one-screener-data-get/,GET,Trendlyne / kayal.trendlyne.com,trendlyneScreener.ts:14,"trendlyne_screeners, trendlyne_screener_stocks, screener_master",trendlyneScreener.ts,Trendlyne Screener Sync,"urls_directory.csv, existing_sqlite_postgres_db.csv",SUCCESS,https://kayal.trendlyne.com/broker-webview/kayal/all-in-one-screener-data-get/?perPageCount=200&pageNumber=0&screenpk=48091&groupType=all&groupName=
https://api.moneycontrol.com/mcapi/v1/deals/insight?start=0&limit=${limit}&value=value&range=1W,GET,api.moneycontrol.com,,"bulk_deals, insider_trades","marketIntelService.ts, moneycontrol_fetcher.py",Corporate Block / Insider Deals,existing_sqlite_postgres_db.csv,SUCCESS,https://api.moneycontrol.com/mcapi/v1/deals/insight?start=0&limit=3&value=value&range=1W&action=buy
https://api.moneycontrol.com/mcapi/v1/deals/list?start=0&limit=${limit}&orderBy=deal_date&sortBy=DESC,GET,api.moneycontrol.com,,"bulk_deals, insider_trades","marketIntelService.ts, moneycontrol_fetcher.py",Corporate Block / Insider Deals,existing_sqlite_postgres_db.csv,SUCCESS,https://api.moneycontrol.com/mcapi/v1/deals/list?start=0&limit=24&orderBy=deal_date&sortBy=DESC&dealType=large&deviceType=W&apiVersion=177
https://api.moneycontrol.com/mcapi/v1/stock/estimates/earning-forecast?scId={scId}&ex=N&deviceType=W,GET,api.moneycontrol.com,,"mc_earnings_forecast, analyst_estimates_history, proprietary_scores_history","moneycontrol_fetcher.py, analyst_estimates_snapshot.py",Corporate SWOT & Analyst Recommendations,existing_sqlite_postgres_db.csv,SUCCESS,https://api.moneycontrol.com/mcapi/v1/stock/estimates/earning-forecast?scId=BE03&ex=N&deviceType=W&frequency=12&financialType=C
https://api.moneycontrol.com/mcapi/v1/stock/estimates/hits-misses?deviceType=W&scId={scId}&ex=N,GET,api.moneycontrol.com,,"mc_estimates_hits_misses, proprietary_scores_history",moneycontrol_fetcher.py,Corporate SWOT & Analyst Recommendations,existing_sqlite_postgres_db.csv,SUCCESS,https://api.moneycontrol.com/mcapi/v1/stock/estimates/hits-misses?deviceType=W&scId=BE03&ex=N&type=eps&financialType=C
https://api.stockedge.com/Api,GET,api.stockedge.com,explore_mc_tl.py:1109,,,,urls_directory.csv,SUCCESS,https://api.stockedge.com/Api/AlertsApi/GetSavedAlertsByType/3001/2021/03/26?relevantListings=10&page=1&pageSize=10&lang=en
