url,portal,category,sub_category,description,http_code,timestamp,keys_extracted,response_bytes,fetch_time_ms
https://json.bselivefeeds.indiatimes.com/ET_Community/indexsummary?sortby=value&sortorder=desc&pagesize=100&exchange=nse&callback=filterGetDataCBindex,EconomicTimes,indices,overview,Index Overview / Summary,200,2026-07-11T08:54:38.410325+00:00,692,29212,218
https://json.bselivefeeds.indiatimes.com/ET_Community/sectors?exchange=&callback=filterGetDataCBsectors,EconomicTimes,market,sector_performance,Sector Performance,200,2026-07-11T08:54:38.541335+00:00,60,3267,266
https://marketservices.indiatimes.com/marketservices/shareholding?companyid=11945,EconomicTimes,stock,shareholding,Shareholding Pattern,200,2026-07-11T08:54:38.549430+00:00,134,2778,266
https://json.bselivefeeds.indiatimes.com/ET_Community/industryListingController?pagesize=250&pid=256&pageno=1&exchange=NSE&callback=filterGetDataCBindustry,EconomicTimes,stock,industry_listing,Industry / Sector Listing,200,2026-07-11T08:54:38.565967+00:00,604,140560,281
https://economictimes.indiatimes.com/viewandrecofeed.cms?feedtype=sjson,EconomicTimes,analyst,buy_recommendations,Broker Buy Recommendations,200,2026-07-11T08:54:38.578322+00:00,863,33668,296
https://json.bselivefeeds.indiatimes.com/markets_nse.json,EconomicTimes,indices,overview,Index Overview / Summary,200,2026-07-11T08:54:38.591582+00:00,2268,59325,328
https://json.bselivefeeds.indiatimes.com/marketband.json,EconomicTimes,indices,constituents,Index Constituents / Band,200,2026-07-11T08:54:38.640986+00:00,98,2684,62
https://mfapps.indiatimes.com/Ulip/mfsInvestingInStock.htm?pagesize=25&sortby=numberOfSharesHeld&companyid=11984&marketcap=&callback=ajaxResponse&pageno=1,EconomicTimes,stock,mf_holding,MF Holdings in Stock,200,2026-07-11T08:54:38.647151+00:00,401,13824,343
https://etmarketsapis.indiatimes.com/ET_TechnicalScreeners/topTrendingScreeners?exchangeId=50&pageNumber=1&pageSize=6&innerPageSize=3&_=1629471748880,EconomicTimes,stock,screener_technical,Technical Screener,200,2026-07-11T08:54:38.660873+00:00,162,4477,360
https://mfapps.indiatimes.com/Ulip/mfsInvestingInStock.htm?pagesize=25&sortby=numberOfSharesHeld&companyid=11945&marketcap=&callback=ajaxResponse,EconomicTimes,stock,mf_holding,MF Holdings in Stock,200,2026-07-11T08:54:38.670175+00:00,398,13621,360
https://etmarketsapis.indiatimes.com/ET_TechnicalScreeners/getFilteredData/LONG_WHITE_CANDLE,EconomicTimes,stock,screener_technical,Technical Screener,200,2026-07-11T08:54:38.681854+00:00,13,305,391
https://json.bselivefeeds.indiatimes.com/technicalscreener.json?_=1629471748879,EconomicTimes,stock,screener_technical,Technical Screener,200,2026-07-11T08:54:38.684313+00:00,284,29613,437
https://json.bselivefeeds.indiatimes.com/ET_Community/companypagedata?companyid=8581&companytype=&callback=jQuery111305480691400445188_1617784921724&_=1617784921726,EconomicTimes,stock,company_info,Company Info / Brief,200,2026-07-11T08:54:38.695927+00:00,145,3759,172
https://json.bselivefeeds.indiatimes.com/ET_Community/bsensejson?companyid=16552&callback=etSpeedCompanyDataCB,EconomicTimes,stock,price_live,Live Stock Price / Quote,200,2026-07-11T08:54:38.931031+00:00,76,1870,171
https://json.bselivefeeds.indiatimes.com/markets_bse.json,EconomicTimes,indices,overview,Index Overview / Summary,200,2026-07-11T08:54:38.936305+00:00,2247,59988,516
https://etmarketsapis.indiatimes.com/ET_TechnicalScreeners/topTrendingScreeners?exchangeId=50&pageNumber=1&pageSize=6&innerPageSize=3&_=1628067578746,EconomicTimes,stock,screener_technical,Technical Screener,200,2026-07-11T08:54:38.946482+00:00,162,4477,171
https://sas.indiatimes.com/TechnicalsClient/getRSI.htm?crossovertype=RSI_BETWEEN_70_AND_80&ctype=RSI&pagesize=25&exchange=50&exchangeid=50&pageno=1&sortby=volume&sortorder=desc&companyid=0&year=0&filtertype=0&ctype=RSI&marketcap=&callback=ajaxResponse,EconomicTimes,stock,technical_indicators,Technical Indicators (RSI/MACD/BB),200,2026-07-11T08:54:38.946482+00:00,18,545,250
https://mfapps.indiatimes.com/ET_Calculators/ssy/PennyStocks.htm?pagesize=25&sortby=weekPercentChange&sortorder=desc&marketcap=&callback=ajaxResponse&pageno=1,EconomicTimes,market,penny_stocks,Penny Stocks,404,2026-07-11T08:54:38.948748+00:00,4,123,280
https://json.bselivefeeds.indiatimes.com/marketband_nifty.json,EconomicTimes,indices,constituents,Index Constituents / Band,200,2026-07-11T08:54:38.948748+00:00,75,19623,296
https://economictimes.indiatimes.com/feed_marketslisting.cms?feedtype=json&msid=1977021501&curpg=1&callback=breakingnews,EconomicTimes,news,market_news,Market News Feed,200,2026-07-11T08:54:38.951541+00:00,43,2775,516
https://etmarketsapis.indiatimes.com/ET_Stats/gainers?pagesize=25&marketcap=largecap&duration=1%20day&sort=intraday&sortby=percentchange&sortorder=desc,EconomicTimes,market,gainers_losers,Top Gainers / Losers,200,2026-07-11T08:54:38.982000+00:00,5204,131188,390
https://frapi.marketsmojo.com/market_marketaction/getData? --,MarketsMojo,market,market_action,Market Action / Overview,200,2026-07-11T08:54:39.061874+00:00,15,707,328
https://etmarketsapis.indiatimes.com/ET_Stats/gainers?pagesize=25&marketcap=largecap%2Cmidcap%2Csmallcap&duration=1%20week&sort=7d&sortby=percentchange&sortorder=desc&pageno=1,EconomicTimes,market,gainers_losers,Top Gainers / Losers,200,2026-07-11T08:54:39.119622+00:00,4135,106720,561
https://etmarketsapis.indiatimes.com/ET_Stats/sectorperformance?pagesize=25&exchange=NSE&pageno=1&marketcap=,EconomicTimes,market,sector_performance,Sector Performance,200,2026-07-11T08:54:39.348583+00:00,6620,279857,656
https://frapi.marketsmojo.com/market_marketoverview/getData,MarketsMojo,market,market_action,Market Action / Overview,200,2026-07-11T08:54:39.386036+00:00,301,5989,312
https://frapi.marketsmojo.com/market_marketoverview/getGraphData?indice=127&period=1D&,MarketsMojo,market,market_action,Market Action / Overview,200,2026-07-11T08:54:39.395658+00:00,203,38490,282
https://frapi.marketsmojo.com/market_marketoverview/getGraphData?indice=1&period=1D&,MarketsMojo,market,market_action,Market Action / Overview,200,2026-07-11T08:54:39.501355+00:00,216,45537,218
https://ticker.finology.in/GetShares.ashx?v=4.0&fincode=107685,Finology,stock,shareholding,Shareholding Pattern,200,2026-07-11T08:54:39.535531+00:00,10,183,875
https://ticker.finology.in/peers.ashx?fincode=107685&mode=S&peercount=10,Finology,stock,peers,Peer Comparison,200,2026-07-11T08:54:39.558958+00:00,225,4463,843
https://ticker.finology.in/GetCompanybrief.ashx?fincode=107685,Finology,stock,company_info,Company Info / Brief,200,2026-07-11T08:54:39.561439+00:00,1,40439,796
https://frapi.marketsmojo.com/market_marketoverview/getGraphData?indice=2&period=1w&,MarketsMojo,market,market_action,Market Action / Overview,200,2026-07-11T08:54:39.700838+00:00,216,213742,296
https://frapi.marketsmojo.com/optimizer_Portfoliodignostic/getMojostocksHist?exchange=0&type=0&,MarketsMojo,portfolio,mojo_stocks,Mojo Stocks Portfolio,200,2026-07-11T08:54:39.753076+00:00,232,4851,203
https://ticker.finology.in/GetPrices.ashx?fincode=107685&scripcode=507685&symbol=WIPRO&stk=NSE&type=Y&count=1,Finology,stock,price_live,Live Stock Price / Quote,200,2026-07-11T08:54:39.778636+00:00,60,11194,1078
https://ticker.finology.in/GetValuation.ashx?fincode=107685&exc=BSE&top=1&type=Y,Finology,stock,valuation,Valuation Ratios,200,2026-07-11T08:54:39.806823+00:00,60,10311,858
https://ticker.finology.in/News.ashx?fincode=107685,Finology,other,misc,Miscellaneous / Uncategorised,200,2026-07-11T08:54:39.992275+00:00,150,81614,1109
https://frapi.marketsmojo.com/market_resultscorner/getStockResult?sort=res_dt_ltst&,MarketsMojo,earnings,results_corner,Results Corner,200,2026-07-11T08:54:39.998102+00:00,355,8767,155
https://frapi.marketsmojo.com/market_events/getData,MarketsMojo,calendar,corporate_events,Corporate Events,200,2026-07-11T08:54:40.004353+00:00,781,27082,422
https://frapi.marketsmojo.com/market_resultscorner/getStockResult?sort=score&,MarketsMojo,earnings,results_corner,Results Corner,200,2026-07-11T08:54:40.009253+00:00,351,8602,156
https://ticker.finology.in/GetVolume.ashx?fincode=107685&scripcode=507685&symbol=WIPRO&stk=BSE&type=Y&count=1,Finology,stock,price_live,Live Stock Price / Quote,200,2026-07-11T08:54:40.009253+00:00,60,12106,1234
https://ticker.finology.in/GetHouseMaster.ashx?housecode=322,Finology,stock,house_master,Fund House Master,200,2026-07-11T08:54:40.009253+00:00,0,2,1171
https://www.marketsmojo.com/portfolio-plus/stickeyheader,Unknown,portfolio,mojo_stocks,Mojo Stocks Portfolio,200,2026-07-11T08:54:40.015283+00:00,45,771,328
https://frapi.marketsmojo.com/stocks_quality/vcardinfo?sid=984165,MarketsMojo,stock,scorecard,Stock Scorecard / Mojo Score,200,2026-07-11T08:54:40.018819+00:00,33,730,93
https://frapi.marketsmojo.com/market_Gainersloser/getData?exchange=0&type=0&,MarketsMojo,market,gainers_losers,Top Gainers / Losers,200,2026-07-11T08:54:40.048744+00:00,1155,44742,547
https://frapi.marketsmojo.com/stocks_Stocksid/returnContri_info?se=&cardlist=&period=&alphabet=&sid=363433&stockID=363433&exchange=0&,MarketsMojo,stock,return_contribution,Return Contribution Analysis,200,2026-07-11T08:54:40.066340+00:00,113,2748,78
https://frapi.marketsmojo.com/screener/search,MarketsMojo,screener,fundamental,Fundamental Screener,200,2026-07-11T08:54:40.078840+00:00,2,38,297
https://frapi.marketsmojo.com/Stocks_Thingsknow/thingsknow?sid=363433&exchange=0,MarketsMojo,stock,things_to_know,Things to Know / Commentary,200,2026-07-11T08:54:40.094236+00:00,42,1587,77
https://frapi.marketsmojo.com/market_Gainersloser/getData?exchange=0&type=1&,MarketsMojo,market,gainers_losers,Top Gainers / Losers,200,2026-07-11T08:54:40.186307+00:00,2107,210952,672
https://frapi.trading80.com/callsapi/getChart/,Trading80,alerts,call_alerts,Trading Call Alerts,200,2026-07-11T08:54:40.262773+00:00,3,60,264
https://webapi.niftytrader.in/webapi/Live/getIndusrtyTabData?symbol=alokinds,NiftyTrader,other,misc,Miscellaneous / Uncategorised,404,2026-07-11T08:54:40.268159+00:00,3,63,155
https://webapi.niftytrader.in/webapi/symbol/top-gainers-data?fno_stock=false,NiftyTrader,market,gainers_losers,Top Gainers / Losers,200,2026-07-11T08:54:40.268159+00:00,1262,26830,202
https://frapi.marketsmojo.com/market_resultscorner/getStockResult?sort=res_dt_upcmg&,MarketsMojo,earnings,results_corner,Results Corner,200,2026-07-11T08:54:40.284239+00:00,346,8063,421
https://ticker.finology.in/GetCorpAction.ashx?fincode=107685,Finology,stock,corporate_actions,All Corporate Actions,200,2026-07-11T08:54:40.286354+00:00,68,1510,1187
https://frapi.trading80.com/callsapi/getCallAlerts?w=yes,Trading80,alerts,call_alerts,Trading Call Alerts,200,2026-07-11T08:54:40.286354+00:00,571,11004,312
https://api.stockedge.com/Api/AlertsApi/GetSavedAlertsByType/3001/2021/03/26?relevantListings=10&page=1&pageSize=10&lang=en,Stockedge,alerts,saved_alerts,Saved Alerts,403,2026-07-11T08:54:40.317856+00:00,2,88,218
"https://frapi.marketsmojo.com/apiv1/markets/indices?index_ids=1,2,3,4,10,213,215,23,27,45,61,62,202,203,204,205,206,208,210,123,125,128,129,130,131,145,150,154,159,164,166,5,6,7,8,9,11,12,14,15,16,17,21,22,35,36,37,40,41,42,43,124,127,134,136,137,138,139,141,142,143,146,147,148,149,151,152,153,162",MarketsMojo,other,misc,Miscellaneous / Uncategorised,200,2026-07-11T08:54:40.325469+00:00,1796,63128,453
https://www.marketsmojo.com/portfolio-plus/stickeyheader?cid=undefined,Unknown,portfolio,mojo_stocks,Mojo Stocks Portfolio,200,2026-07-11T08:54:40.367277+00:00,45,771,77
https://frapi.marketsmojo.com/stocks_stocksid/header_info?sid=363433&exchange=0,MarketsMojo,stock,stock_header,Stock Page Header / Overview,200,2026-07-11T08:54:40.399181+00:00,111,3335,328
https://api.stockedge.com/Api/ExchangeDashboardApi/GetExchanges?lang=en,Stockedge,metadata,exchange_list,Exchange List,200,2026-07-11T08:54:40.428594+00:00,4,45,235
https://frapi.trading80.com/stocks_stocksid/header_info?sid=640544&exchange=0,Trading80,stock,stock_header,Stock Page Header / Overview,200,2026-07-11T08:54:40.461173+00:00,104,2998,437
https://api.stockedge.com/Api/SecurityDashboardApi/GetTechnicalIndicators/229?lang=en,Stockedge,stock,technical_indicators,Technical Indicators (RSI/MACD/BB),200,2026-07-11T08:54:40.486315+00:00,147,3269,281
"https://frapi.marketsmojo.com/apiv1/markets/indices?index_ids=1,213,215,4,123,128,145,129,14,5,15,37,501,23853,502,503,510,517,516,522,506,507,508,523,518,519,521,520,509,524,526,527,529,525,531,532,533,528,530,505,504,534,535,536,537,539,540,538,541,542,544,545,543,547,548,549,550,546,515,512,511,513,551,2001,514",MarketsMojo,other,misc,Miscellaneous / Uncategorised,200,2026-07-11T08:54:40.723521+00:00,1081,15515,141
https://ticker.finology.in/GetPBChart.ashx?fincode=107685&exc=BSE&top=1&type=Yticker,Finology,stock,pb_ratio,P/B Ratio Chart,200,2026-07-11T08:54:40.734363+00:00,60,117445,1281
https://api.stockedge.com/Api/DailyDashboardApi/GetPriceChangePeriodTypes?lang=en,Stockedge,alerts,daily_dashboard,Daily Dashboard Picks,200,2026-07-11T08:54:40.744914+00:00,24,372,250
https://api.stockedge.com/Api/AlertsApi/GetSavedAlertsByType/2017/2021/03/30?relevantListings=10&page=1&pageSize=10&lang=en,Stockedge,alerts,saved_alerts,Saved Alerts,403,2026-07-11T08:54:40.747417+00:00,2,88,233
https://api.stockedge.com/Api/MetaDetailDashboardApi/GetMetaDetailByPageName?PageName=equities&lang=en,Stockedge,metadata,period_types,Period Types / Meta,200,2026-07-11T08:54:40.747417+00:00,11,624,266
https://api.moneycontrol.com/mcapi/v1/fno/futures/getFuturesData?fut=FUTSTK&id=BE03&expirydate='2025-10-28,Moneycontrol,fno,futures_data,Futures Overview / Prices,200,2026-07-11T08:54:40.748234+00:00,1,23,343
https://api.stockedge.com/Api/WidgetsApi/GetHighDeliveryQuantityStocks?lang=en,Stockedge,market,delivery_data,High Delivery Stocks,200,2026-07-11T08:54:40.748760+00:00,77,1658,437
https://api.moneycontrol.com/mcapi/v1/fno/options/getStrikePrice?id=BE03&expirydate=2025-09-30&optiontype=CE,Moneycontrol,fno,options_data,Options Overview / Prices,200,2026-07-11T08:54:40.748760+00:00,1,23,327
https://api.moneycontrol.com/mcapi/v1/fno/futures/getExpDts?id=BE03,Moneycontrol,fno,futures_data,Futures Overview / Prices,200,2026-07-11T08:54:40.886172+00:00,7,187,421
https://api.moneycontrol.com/mcapi/v1/stock/estimates/analyst-rating?deviceType=W&scId=BE03&ex=N,Moneycontrol,analyst,analyst_rating,Analyst Rating (Buy/Sell/Hold),200,2026-07-11T08:54:40.939713+00:00,13,237,391
https://api.moneycontrol.com/mcapi/v1/stock/price-volume?scId=BE03&ex=&appVersion=175,Moneycontrol,stock,price_live,Live Stock Price / Quote,200,2026-07-11T08:54:40.941902+00:00,34,1099,483
https://priceapi.moneycontrol.com/pricefeed/nse/equitycash/BE03,Moneycontrol,stock,price_live,Live Stock Price / Quote,200,2026-07-11T08:54:40.941902+00:00,157,3301,562
https://api.moneycontrol.com/mcapi/v1/stock/estimates/earning-forecast?scId=BE03&ex=N&deviceType=W&frequency=12&financialType=C,Moneycontrol,analyst,earning_forecast,Earnings / Revenue Forecast,200,2026-07-11T08:54:40.956424+00:00,77,1159,218
https://api.moneycontrol.com/mcapi/v1/stock/estimates/price-forecast?scId=BE03&ex=N&deviceType=W,Moneycontrol,analyst,price_target,Price Target / Price Forecast,200,2026-07-11T08:54:40.959008+00:00,65,1127,421
https://api.moneycontrol.com/mcapi/v1/indices/get-indices-list,Moneycontrol,indices,overview,Index Overview / Summary,200,2026-07-11T08:54:40.976337+00:00,186,3719,62
https://api.moneycontrol.com/mcapi/v1/stock/financial-historical/overview?scId=BE03&ex=N,Moneycontrol,stock,financial_overview,Financial Overview,200,2026-07-11T08:54:41.065813+00:00,4,97,578
https://www.moneycontrol.com/mc/widget/historicalrating/ratingPro?classic=true&type=gson&sc_did=BE03&period=W&dur=6m,Moneycontrol,stock,technical_rating,Historical Technical Rating,200,2026-07-11T08:54:41.068871+00:00,7,317,578
https://www.moneycontrol.com/stocks/company_info/get_vwap_chart_data.php?classic=true&sc_did=BE03,Moneycontrol,stock,vwap,VWAP Chart,200,2026-07-11T08:54:41.098066+00:00,210,41389,640
https://www.moneycontrol.com/mc/widget/historicalrating/ratingPro?classic=true&type=gson&sc_did=BE03&period=D&dur=6m,Moneycontrol,stock,technical_rating,Historical Technical Rating,200,2026-07-11T08:54:41.111361+00:00,7,317,655
https://api.moneycontrol.com/mcapi/v1/stock/estimates/hits-misses?deviceType=W&scId=BE03&ex=N&type=eps&financialType=C,Moneycontrol,analyst,hits_misses,Analyst Hits & Misses,200,2026-07-11T08:54:41.126627+00:00,62,1031,218
https://api.moneycontrol.com/mcapi/v1/indices/get-indian-indices,Moneycontrol,indices,overview,Index Overview / Summary,200,2026-07-11T08:54:41.157842+00:00,294,10833,218
https://api.moneycontrol.com/mcapi/v1/stock/estimates/consensus?scId=BE03&ex=N&deviceType=W,Moneycontrol,analyst,consensus,Analyst Consensus / Rating,200,2026-07-11T08:54:41.202233+00:00,36,299,312
https://api.moneycontrol.com/mcapi/technicals/v2/details?scId=BE03&dur=D&deviceType=W,Moneycontrol,stock,technical_indicators,Technical Indicators (RSI/MACD/BB),200,2026-07-11T08:54:41.238708+00:00,105,3003,108
https://api.moneycontrol.com/mcapi/v1/market/seasonality-analysis/get-best-month-stocks?ex=N&id=7&month=09&year=2025&tab=bus&limit=5,Moneycontrol,market,seasonality,Seasonality Analysis,200,2026-07-11T08:54:41.244234+00:00,96,2598,296
https://api.moneycontrol.com/mcapi/extdata/v2/mc-essentials?scId=BE03&type=ed&deviceType=W,Moneycontrol,stock,mc_insights,Moneycontrol Insights / Essentials,200,2026-07-11T08:54:41.248306+00:00,7,347,77
https://api.moneycontrol.com/mcapi/v1/indices/get-indices-list?appVersion=136,Moneycontrol,indices,overview,Index Overview / Summary,200,2026-07-11T08:54:41.262274+00:00,201,4031,375
https://api.moneycontrol.com/mcapi/v1/earnings/rapid-results?limit=9&page=1&type=LR&subType=yoy,Moneycontrol,earnings,rapid_results_lt,Results – Latest,200,2026-07-11T08:54:41.294492+00:00,204,2435,47
https://api.moneycontrol.com/mcapi/v1/premarket/getBrokerResearchReco?sublevel=stocks&start=0&limit=6,Moneycontrol,analyst,buy_recommendations,Broker Buy Recommendations,200,2026-07-11T08:54:41.349175+00:00,73,3172,110
https://api.moneycontrol.com/mcapi/v1/earnings/result-dashboard,Moneycontrol,earnings,result_dashboard,Earnings Dashboard,200,2026-07-11T08:54:41.366933+00:00,10,221,108
https://api.moneycontrol.com/mcapi/v1/indices/get-indices-details?indexId=4,Moneycontrol,indices,details,Index Details,200,2026-07-11T08:54:41.371016+00:00,8,211,389
https://api.moneycontrol.com/mcapi/extdata/v2/mc-insights?scId=BE03&type=c&deviceType=W&appVersion=185,Moneycontrol,stock,mc_insights,Moneycontrol Insights / Essentials,200,2026-07-11T08:54:41.396748+00:00,8,214,328
https://api.moneycontrol.com/mcapi/v1/earnings/actual-estimate?page=1&limit=6,Moneycontrol,earnings,actual_vs_estimate,Actual vs Estimate,200,2026-07-11T08:54:41.399447+00:00,49,855,157
https://api.moneycontrol.com/mcapi/v1/stock/estimates/valuation?deviceType=W&scId=BE03&ex=N&financialType=C,Moneycontrol,stock,valuation,Valuation Ratios,200,2026-07-11T08:54:41.429992+00:00,20,354,735
https://api.moneycontrol.com/mcapi/v1/marketinfo/getMarketInfo?ex=N&criteria=marketcap&limit=5000,Moneycontrol,indices,market_cap,Market Cap Info,200,2026-07-11T08:54:41.436263+00:00,257,422889,375
https://api.moneycontrol.com/mcapi/v1/earnings/inc-widget?indexId=all,Moneycontrol,other,misc,Miscellaneous / Uncategorised,200,2026-07-11T08:54:41.503173+00:00,40,434,266
https://api.moneycontrol.com/mcapi/v1/indices/chart/exchange-advdec?ex=N,Moneycontrol,indices,adv_dec,Advance-Decline Ratio,200,2026-07-11T08:54:41.503701+00:00,121,18164,359
https://api.moneycontrol.com/mcapi/v1/earnings/price-shockers?limit=8&page=1,Moneycontrol,earnings,price_shockers,Post-Result Price Shockers,200,2026-07-11T08:54:41.715342+00:00,91,1607,407
https://api.moneycontrol.com/mcapi/v1/earnings/rapid-results?limit=21&page=1&type=BP&subType=qoq&category=all&sortBy=growth&indexId=N&sector=&search=&seq=desc,Moneycontrol,earnings,rapid_results_bp,Results – Best Performers (YoY/QoQ),200,2026-07-11T08:54:41.718870+00:00,164,1989,157
https://api.moneycontrol.com/mcapi/v1/earnings/rapid-results?limit=21&page=1&type=WP&subType=qoq&category=all&sortBy=growth&indexId=N&sector=&search=&seq=asc,Moneycontrol,earnings,rapid_results_wp,Results – Worst Performers,200,2026-07-11T08:54:41.718870+00:00,104,1333,156
https://api.moneycontrol.com/mcapi/v1/earnings/result-calendar?indexId=All&fromDate=2025-09-16&toDate=2025-09-21&sector=,Moneycontrol,earnings,result_calendar,Earnings Result Calendar,200,2026-07-11T08:54:41.718870+00:00,25,317,234
https://www.moneycontrol.com/newsapi/mc_news.php?query=tags_slug%3A(%22results%22+%22result-poll%22+%22brokerage-results-estimates%22+%22result-analysis%22)&start=0&limit=8&sortby=creation_date&sortorder=desc,Moneycontrol,earnings,earnings_news,Earnings-related News,200,2026-07-11T08:54:41.721393+00:00,543,53310,219
https://api.moneycontrol.com/mcapi/v1/technical-trends/downtrend/turning-bearish?ex=N&index=7&page=1&order=desc&deviceType=W&sort=changeDate&appVersion=142,Moneycontrol,market,technical_trends,Market Technical Trends,200,2026-07-11T08:54:41.723977+00:00,243,7486,218
https://api.moneycontrol.com/mcapi/v1/technical-trends/downtrend/bearish?ex=N&index=7&page=1&order=asc&deviceType=W&sort=performance&appVersion=142,Moneycontrol,market,technical_trends,Market Technical Trends,200,2026-07-11T08:54:41.725531+00:00,243,7426,156
https://api.moneycontrol.com/mcapi/v1/deals/insight?start=0&limit=9&value=value&range=1W&action=buy&dealsType=topInvestor,Moneycontrol,institutional,bulk_block_deals,Bulk / Block Deals,200,2026-07-11T08:54:41.727178+00:00,154,3993,125
https://api.moneycontrol.com/mcapi/v1/earnings/rapid-results?limit=21&page=1&type=BP&subType=yoy&category=all&sortBy=growth&indexId=N&sector=&search=&seq=desc,Moneycontrol,earnings,rapid_results_bp,Results – Best Performers (YoY/QoQ),200,2026-07-11T08:54:41.798936+00:00,184,2196,516
https://api.moneycontrol.com/mcapi/v1/deals/insight?start=0&limit=9&value=value&range=1W&action=buy&dealsType=topDeal,Moneycontrol,institutional,bulk_block_deals,Bulk / Block Deals,200,2026-07-11T08:54:41.848993+00:00,154,3972,265
https://api.moneycontrol.com/mcapi/v1/deals/list?start=0&limit=24&orderBy=deal_date&sortBy=DESC&deviceType=W,Moneycontrol,institutional,bulk_block_deals,Bulk / Block Deals,200,2026-07-11T08:54:41.852718+00:00,529,12355,140
https://api.moneycontrol.com/mcapi/v1/technical-trends/uptrend/bullish?ex=N&index=7&page=1&order=desc&deviceType=W&sort=performance&appVersion=142,Moneycontrol,market,technical_trends,Market Technical Trends,200,2026-07-11T08:54:41.882304+00:00,243,7529,358
https://api.moneycontrol.com/mcapi/v1/technical-trends/uptrend/turning-bullish?ex=N&index=7&page=1&order=desc&deviceType=W&sort=changeDate&appVersion=142,Moneycontrol,market,technical_trends,Market Technical Trends,200,2026-07-11T08:54:41.928604+00:00,243,7549,531
https://api.moneycontrol.com/mcapi/v1/premarket/getFllActivityData?type=cash,Moneycontrol,institutional,fii_dii_activity,FII / DII Activity,200,2026-07-11T08:54:41.944488+00:00,71,1784,78
https://api.moneycontrol.com/mcapi/v1/deals/insight?start=0&limit=3&value=value&range=1W&action=buy,Moneycontrol,institutional,bulk_block_deals,Bulk / Block Deals,400,2026-07-11T08:54:41.946104+00:00,2,68,483
https://api.moneycontrol.com/mcapi/v1/deals/list?start=0&limit=24&orderBy=dealsValue&sortBy=DESC&dealType=topStock&deviceType=W&apiVersion=177,Moneycontrol,institutional,bulk_block_deals,Bulk / Block Deals,200,2026-07-11T08:54:42.024661+00:00,337,8220,327
https://quotes-api.tickertape.in/quotes?sids=JKIN,Tickertape,stock,price_live,Live Stock Price / Quote,200,2026-07-11T08:54:42.036510+00:00,24,416,156
https://api.moneycontrol.com/mcapi/v1/deals/list?start=0&limit=24&orderBy=deal_date&sortBy=DESC&dealType=large&deviceType=W&apiVersion=177,Moneycontrol,institutional,bulk_block_deals,Bulk / Block Deals,200,2026-07-11T08:54:42.041216+00:00,409,9715,297
https://api.moneycontrol.com/mcapi/v1/deals/list?start=0&limit=24&orderBy=dealsValue&sortBy=DESC&dealType=topStockSectorWise&deviceType=W&apiVersion=177,Moneycontrol,institutional,bulk_block_deals,Bulk / Block Deals,200,2026-07-11T08:54:42.108089+00:00,337,8303,296
https://api.moneycontrol.com/mcapi/v1/deals/insight?start=0&limit=9&value=value&range=1W&action=buy&dealsType=topInsider,Moneycontrol,institutional,bulk_block_deals,Bulk / Block Deals,200,2026-07-11T08:54:42.150649+00:00,154,4011,468
https://api.tickertape.in/mmi/now,Tickertape,market,market_mood,Market Mood Index (Fear/Greed),200,2026-07-11T08:54:42.166157+00:00,75,1785,218
https://api.tickertape.in/stocks/reco/JKIN,Tickertape,other,misc,Miscellaneous / Uncategorised,200,2026-07-11T08:54:42.168163+00:00,3,56,218
https://api.tickertape.in/stocks/info/JKIN,Tickertape,other,misc,Miscellaneous / Uncategorised,200,2026-07-11T08:54:42.181412+00:00,60,1881,250
https://api.moneycontrol.com/mcapi/v1/stock/corporate-action?deviceType=W&scId=WSL&section=an&start=0&limit=4&appVersion=161,Moneycontrol,stock,corporate_actions,All Corporate Actions,200,2026-07-11T08:54:42.324283+00:00,33,2268,109
https://analyze.api.tickertape.in/stocks/scorecard/JKIN,Tickertape,stock,scorecard,Stock Scorecard / Mojo Score,200,2026-07-11T08:54:42.325467+00:00,134,2645,233
https://api.tickertape.in/stocks/charts/intra/JKIN,Tickertape,other,misc,Miscellaneous / Uncategorised,200,2026-07-11T08:54:42.327219+00:00,93,21211,202
https://api.moneycontrol.com/mcapi/v1/deals/largedeals-insight?start=0&limit=3&orderBy=dealsValue&deviceType=W,Moneycontrol,institutional,bulk_block_deals,Bulk / Block Deals,200,2026-07-11T08:54:42.334897+00:00,67,1588,343
https://api.tickertape.in/stocks/summary/JITF,Tickertape,other,misc,Miscellaneous / Uncategorised,200,2026-07-11T08:54:42.336483+00:00,125,4428,235
https://api.moneycontrol.com/mcapi/v1/earnings/get-earnings-data?indexId=All&page=1&startDate=2025-09-16&endDate=2025-09-16&sector=&limit=18,Moneycontrol,earnings,result_calendar,Earnings Result Calendar,200,2026-07-11T08:54:42.339561+00:00,14,532,891
https://priceapi.moneycontrol.com/techCharts/indianMarket/stock/history?symbol=INFY&resolution=1D&from=1781207470&to=1782071470&countback=2&currencyCode=INR,Moneycontrol,stock,price_history,Historical Price / OHLC,200,2026-07-11T08:54:42.395578+00:00,13,142,218
https://appfeeds.moneycontrol.com/jsonapi/stocks/yearly_results_responsive?sc_id=WSL&type_format=yearly&start=0&limit=40,Moneycontrol,stock,financials_annual,Annual Financials / P&L,200,2026-07-11T08:54:42.406069+00:00,1335,44831,250
https://appfeeds.moneycontrol.com/jsonapi/stocks/quarterly_results_responsive?sc_id=WSL&type_format=quarterly&start=0&limit=40,Moneycontrol,stock,financials_quarterly,Quarterly Financials / Results,200,2026-07-11T08:54:42.413769+00:00,1539,68810,250
https://api.moneycontrol.com/mcapi/v1/deals/get-stock-news,Moneycontrol,other,misc,Miscellaneous / Uncategorised,200,2026-07-11T08:54:42.451676+00:00,78,3784,593
https://priceapi.moneycontrol.com/techCharts/indianMarket/stock/history?symbol=INFY&resolution=1D&from=1781207490&to=1782071490&countback=2&currencyCode=INR,Moneycontrol,stock,price_history,Historical Price / OHLC,200,2026-07-11T08:54:42.511788+00:00,13,142,266
https://priceapi.moneycontrol.com/techCharts/indianMarket/stock/history?symbol=INFY&resolution=1&from=1781843916&to=1781844138&countback=1&currencyCode=INR,Moneycontrol,stock,price_history,Historical Price / OHLC,200,2026-07-11T08:54:42.708294+00:00,7,92,437
https://priceapi.moneycontrol.com/techCharts/indianMarket/stock/history?symbol=INFY&resolution=1&from=1781844138&to=1781844360&countback=1&currencyCode=INR,Moneycontrol,stock,price_history,Historical Price / OHLC,200,2026-07-11T08:54:42.769951+00:00,7,92,375
https://www.moneycontrol.com/newsapi/mc_news.php?query=categories_slug:%22business%22+AND+sub_category_slug:%22earnings%22+AND+related_scid:%22WSL%22&start=0&limit=8,Moneycontrol,earnings,earnings_news,Earnings-related News,200,2026-07-11T08:54:42.774048+00:00,406,36150,562
https://priceapi.moneycontrol.com/techCharts/indianMarket/stock/history?symbol=INFY&resolution=1D&from=1754870400&to=1782086400&countback=225&currencyCode=INR,Moneycontrol,stock,price_history,Historical Price / OHLC,200,2026-07-11T08:54:42.807937+00:00,181,10712,281
https://priceapi.moneycontrol.com/techCharts/indianMarket/stock/history?symbol=INFY&resolution=3&from=1782069930&to=1782071730&countback=2&currencyCode=INR,Moneycontrol,stock,price_history,Historical Price / OHLC,200,2026-07-11T08:54:42.827254+00:00,13,133,468
"https://www.trading80.com/technical_card/getCardInfo?sid=640544&se=bse&cardlist=sectPrice_techScore,sectPrice_indiScale,sectIndigraph_graph,sectMacd_macd_w,sectMacd_macd_m,sectRsi_rsi_w,sectRsi_rsi_m,sectBb_bb_w,sectBb_bb_m,sectMa_ma_w,sectKst_kst_w,sectKst_kst_m,sectDow_dow_w,sectDow_dow_m,sectObv_obv_w,sectObv_obv_m",Trading80,stock,technical_indicators,Technical Indicators (RSI/MACD/BB),200,2026-07-11T08:54:42.850813+00:00,2995,959528,2172
https://priceapi.moneycontrol.com/techCharts/indianMarket/stock/history?symbol=INFY&resolution=60&from=1776730967&to=1782071816&countback=287&currencyCode=INR,Moneycontrol,stock,price_history,Historical Price / OHLC,200,2026-07-11T08:54:42.953144+00:00,181,13345,452
https://priceapi.moneycontrol.com/techCharts/indianMarket/stock/marks?symbol=INFY&from=1741145400&to=2114361000&resolution=1D,Moneycontrol,stock,price_marks,Price Chart Marks / Events,200,2026-07-11T08:54:42.967713+00:00,240,51520,390
https://api.moneycontrol.com/mcapi/extdata/v2/mc-essentials?scId=IT&type=ed&deviceType=W,Moneycontrol,stock,mc_insights,Moneycontrol Insights / Essentials,200,2026-07-11T08:54:42.971641+00:00,7,348,108
https://api.moneycontrol.com/mcapi/technicals/v2/details?scId=IT&dur=D&deviceType=W,Moneycontrol,stock,technical_indicators,Technical Indicators (RSI/MACD/BB),200,2026-07-11T08:54:42.971641+00:00,105,3019,93
https://api.moneycontrol.com/mcapi/v1/stock/price-volume?scId=IT&ex=&appVersion=175,Moneycontrol,stock,price_live,Live Stock Price / Quote,200,2026-07-11T08:54:43.144623+00:00,34,1114,187
https://priceapi.moneycontrol.com/techCharts/indianMarket/stock/history?symbol=INFY&resolution=3&from=1782069910&to=1782071710&countback=2&currencyCode=INR,Moneycontrol,stock,price_history,Historical Price / OHLC,200,2026-07-11T08:54:43.151182+00:00,13,133,656
https://priceapi.moneycontrol.com/techCharts/indianMarket/stock/history?symbol=INFY&resolution=1D&from=1781207910&to=1782071910&countback=2&currencyCode=INR,Moneycontrol,stock,price_history,Historical Price / OHLC,200,2026-07-11T08:54:43.151182+00:00,13,142,422
https://api.moneycontrol.com/mcapi/v1/stock/estimates/consensus?scId=IT&ex=N&deviceType=W,Moneycontrol,analyst,consensus,Analyst Consensus / Rating,200,2026-07-11T08:54:43.151182+00:00,36,304,62
https://api.moneycontrol.com/mcapi/extdata/v2/mc-insights?scId=IT&type=c&deviceType=W&appVersion=185,Moneycontrol,stock,mc_insights,Moneycontrol Insights / Essentials,200,2026-07-11T08:54:43.153443+00:00,8,213,156
https://priceapi.moneycontrol.com/techCharts/indianMarket/stock/history?symbol=INFY&resolution=15&from=1780540947&to=1782071556&countback=329&currencyCode=INR,Moneycontrol,stock,price_history,Historical Price / OHLC,200,2026-07-11T08:54:43.153443+00:00,181,15171,719
https://api.moneycontrol.com/mcapi/technicalpicks/chart-patterns?deviceType=W&version=174&start=0&limit=12&pattern_type=all&sc_id=IT,Moneycontrol,stock,chart_patterns,Chart Patterns,200,2026-07-11T08:54:43.156232+00:00,79,4318,109
https://api.moneycontrol.com/mcapi/v1/stock/estimates/analyst-rating?deviceType=W&scId=IT&ex=N,Moneycontrol,analyst,analyst_rating,Analyst Rating (Buy/Sell/Hold),200,2026-07-11T08:54:43.156232+00:00,13,237,108
https://api.moneycontrol.com/mcapi/v1/stock/estimates/hits-misses?deviceType=W&scId=IT&ex=N&type=eps&financialType=C,Moneycontrol,analyst,hits_misses,Analyst Hits & Misses,200,2026-07-11T08:54:43.157729+00:00,62,1049,125
https://api.moneycontrol.com/mcapi/v1/fno/options/getExpDts?id=IT,Moneycontrol,fno,options_data,Options Overview / Prices,200,2026-07-11T08:54:43.157729+00:00,7,187,62
https://www.moneycontrol.com/mc/widget/stockdetails/getChartInfo?classic=true&scId=IT&type=N,Moneycontrol,other,misc,Miscellaneous / Uncategorised,200,2026-07-11T08:54:43.157729+00:00,79,13613,93
https://api.moneycontrol.com/mcapi/v1/stock/estimates/price-forecast?scId=IT&ex=N&deviceType=W,Moneycontrol,analyst,price_target,Price Target / Price Forecast,200,2026-07-11T08:54:43.160108+00:00,65,1148,125
https://priceapi.moneycontrol.com/techCharts/indianMarket/stock/history?symbol=INFY&resolution=1D&from=1589846400&to=1753142400&countback=1350&currencyCode=INR,Moneycontrol,stock,price_history,Historical Price / OHLC,200,2026-07-11T08:54:43.160108+00:00,181,65009,312
https://priceapi.moneycontrol.com/pricefeed/bse/equitycash/IT,Moneycontrol,stock,price_live,Live Stock Price / Quote,200,2026-07-11T08:54:43.163372+00:00,176,3668,264
https://api.moneycontrol.com/mcapi/v1/stock/estimates/earning-forecast?scId=IT&ex=N&deviceType=W&frequency=12&financialType=C,Moneycontrol,analyst,earning_forecast,Earnings / Revenue Forecast,200,2026-07-11T08:54:43.166078+00:00,77,1208,187
https://priceapi.moneycontrol.com/techCharts/indianMarket/stock/history?symbol=INFY&resolution=1D&from=1781207970&to=1782071970&countback=2&currencyCode=INR,Moneycontrol,stock,price_history,Historical Price / OHLC,200,2026-07-11T08:54:43.179377+00:00,13,142,343
https://api.moneycontrol.com/mcapi/v1/market/seasonality-analysis/get-best-month-stocks?ex=N&id=7&month=06&year=2026&tab=bes&limit=5,Moneycontrol,market,seasonality,Seasonality Analysis,200,2026-07-11T08:54:43.214311+00:00,96,2613,187
https://api.moneycontrol.com/mcapi/v1/stock/financial-historical/overview?scId=IT&ex=N,Moneycontrol,stock,financial_overview,Financial Overview,200,2026-07-11T08:54:43.218718+00:00,4,89,250
https://priceapi.moneycontrol.com/techCharts/indianMarket/stock/history?symbol=INFY&resolution=30&from=1779205980&to=1782071802&countback=308&currencyCode=INR,Moneycontrol,stock,price_history,Historical Price / OHLC,200,2026-07-11T08:54:43.218718+00:00,181,14261,827
https://api.moneycontrol.com/mcapi/v1/stock/estimates/valuation?deviceType=W&scId=IT&ex=N&financialType=C&appVersion=190,Moneycontrol,stock,valuation,Valuation Ratios,200,2026-07-11T08:54:43.244649+00:00,20,349,311
https://api.moneycontrol.com/mcapi/v1/market/seasonality-analysis/search?ex=N&text=Infosys,Moneycontrol,market,seasonality,Seasonality Analysis,200,2026-07-11T08:54:43.253905+00:00,7,123,202
https://www.moneycontrol.com/stocks/company_info/get_vwap_chart_data.php?classic=true&sc_did=IT,Moneycontrol,stock,vwap,VWAP Chart,200,2026-07-11T08:54:43.254421+00:00,210,43514,250
https://api.moneycontrol.com/mcapi/v1/market/seasonality-analysis/get-best-month-stocks?ex=N&id=7&month=06&year=2026&tab=bus&limit=5,Moneycontrol,market,seasonality,Seasonality Analysis,200,2026-07-11T08:54:43.339897+00:00,96,2623,344
https://trendlyne.com/futures-options/api-filter/futures/30-sep-2021-next/contract_gainers/,Trendlyne,fno,futures_filters,Futures Screener / Filters,200,2026-07-11T08:54:43.387609+00:00,43,899,266
https://trendlyne.com/futures-options/api-filter/futures/30-sep-2021-next/oi_gainers/,Trendlyne,fno,futures_filters,Futures Screener / Filters,200,2026-07-11T08:54:43.443867+00:00,66,1308,250
https://trendlyne.com/futures-options/api-filter/futures/30-sep-2021-next/price_gainers/,Trendlyne,fno,futures_filters,Futures Screener / Filters,200,2026-07-11T08:54:43.445877+00:00,733,26311,250
https://trendlyne.com/futures-options/api-filter/futures/30-sep-2021-next/discount/,Trendlyne,fno,futures_filters,Futures Screener / Filters,200,2026-07-11T08:54:43.501519+00:00,733,44594,203
https://trendlyne.com/fundamentals/json-screener/79795/5/0/index/NIFTY500/nifty-500/,Trendlyne,screener,fundamental,Fundamental Screener,200,2026-07-11T08:54:43.513172+00:00,54,1836,203
https://trendlyne.com/futures-options/api-filter/futures/30-sep-2021-next/premium/,Trendlyne,fno,futures_filters,Futures Screener / Filters,200,2026-07-11T08:54:43.516684+00:00,733,29312,235
https://api.moneycontrol.com/mcapi/v1/market/seasonality-analysis/get-best-month-stocks?ex=N&id=7&month=06&year=2026&tab=hps&limit=5&trend=bearish,Moneycontrol,market,seasonality,Seasonality Analysis,200,2026-07-11T08:54:43.522729+00:00,111,2828,390
https://trendlyne.com/fundamentals/json-screener/79811/5/0/index/NIFTY500/nifty-500/,Trendlyne,screener,fundamental,Fundamental Screener,200,2026-07-11T08:54:43.524236+00:00,24,1161,108
https://trendlyne.com/fundamentals/json-screener/79796/5/0/index/NIFTY500/nifty-500/,Trendlyne,screener,fundamental,Fundamental Screener,200,2026-07-11T08:54:43.689601+00:00,24,1143,156
https://trendlyne.com/futures-options/api-filter/futures/30-sep-2021-next/most_active_value/,Trendlyne,fno,futures_filters,Futures Screener / Filters,200,2026-07-11T08:54:43.690610+00:00,733,73026,327
https://trendlyne.com/futures-options/api-filter/futures/30-sep-2021-next/most_active_contract/,Trendlyne,fno,futures_filters,Futures Screener / Filters,200,2026-07-11T08:54:43.696980+00:00,733,72676,327
https://trendlyne.com/futures-options/api-filter/futures/30-sep-2021-next/oi_losers/,Trendlyne,fno,futures_filters,Futures Screener / Filters,200,2026-07-11T08:54:43.702999+00:00,733,72602,233
https://trendlyne.com/fundamentals/tl-all-in-one-screener-data-get/?perPageCount=25&columns=ten_year_high%2CcurrentPrice%2CMCAP_Q%2Cday_changeP%2CchangeP_10yr%2Cvol_day&groupType=index&groupName=NIFTY500&sortBy=day_changeP&order=DESC&query=day_high%20%3E%3D%20ten_year_high,Trendlyne,market,52_week_high_low,52-Week / 10-Year High-Low,200,2026-07-11T08:54:43.707510+00:00,476,12501,187
https://trendlyne.com/mutual-fund/getMFhome/?category=Multi+%26+Flexi-Cap,Trendlyne,mutual_fund,mf_overview,Mutual Fund Category Overview,200,2026-07-11T08:54:43.785904+00:00,100,2324,93
https://api.moneycontrol.com/mcapi/v1/market/seasonality-analysis/get-best-month-stocks?ex=N&id=7&month=06&year=2026&tab=hps&limit=5&trend=bullish,Moneycontrol,market,seasonality,Seasonality Analysis,200,2026-07-11T08:54:43.791355+00:00,111,2836,640
https://trendlyne.com/fundamentals/all-in-one-screener-data-get/?perPageCount=25&pageNumber=0&query=vol_day+%3E%3D+1.5+*+vol_week&columns=vol_day%2Cvol_week%2CcurrentPrice%2Cday_changeP%2Cvol_1m%2Cvol_3m%2Cvol_6m&groupType=all&groupName=&sortBy=vol_day&order=DESC,Trendlyne,screener,fundamental,Fundamental Screener,200,2026-07-11T08:54:43.792413+00:00,869,21723,218
https://trendlyne.com/mutual-fund/getMFhome/?category=ELSS,Trendlyne,mutual_fund,mf_overview,Mutual Fund Category Overview,200,2026-07-11T08:54:43.859857+00:00,100,2349,108
https://trendlyne.com/fundamentals/all-in-one-screener-data-get/?perPageCount=25&pageNumber=0&query=vol_day+%3E%3D+2+*+vol_week&columns=vol_day%2Cvol_week%2CcurrentPrice%2Cday_changeP%2Cvol_1m%2Cvol_3m%2Cvol_6m&groupType=all&groupName=&sortBy=vol_day&order=DESC,Trendlyne,screener,fundamental,Fundamental Screener,200,2026-07-11T08:54:44.119103+00:00,885,22867,218
https://trendlyne.com/fundamentals/tl-all-in-one-screener-data-get/?screenpk=19814&perPageCount=25&groupType=index&groupName=NIFTY500&groupSlug=nifty-500,Trendlyne,screener,fundamental,Fundamental Screener,200,2026-07-11T08:54:44.126650+00:00,632,11982,343
https://trendlyne.com/fundamentals/json-screener/17109/5/0/index/NIFTY500/nifty-500/,Trendlyne,screener,fundamental,Fundamental Screener,200,2026-07-11T08:54:44.130450+00:00,10,400,78
https://trendlyne.com/fundamentals/json-screener/17096/5/0/index/NIFTY500/nifty-500/,Trendlyne,screener,fundamental,Fundamental Screener,200,2026-07-11T08:54:44.131453+00:00,54,1713,109
https://trendlyne.com/fundamentals/json-screener/17110/5/0/index/NIFTY500/nifty-500/,Trendlyne,screener,fundamental,Fundamental Screener,200,2026-07-11T08:54:44.132504+00:00,69,2048,108
https://trendlyne.com/fundamentals/json-screener/17098/5/0/index/NIFTY500/nifty-500/,Trendlyne,screener,fundamental,Fundamental Screener,200,2026-07-11T08:54:44.132504+00:00,54,1725,156
https://trendlyne.com/fundamentals/json-screener/79791/5/0/index/NIFTY500/nifty-500/,Trendlyne,screener,fundamental,Fundamental Screener,200,2026-07-11T08:54:44.133499+00:00,24,1140,139
https://trendlyne.com/fundamentals/json-screener/79790/5/0/index/NIFTY500/nifty-500/,Trendlyne,screener,fundamental,Fundamental Screener,200,2026-07-11T08:54:44.134500+00:00,24,1147,140
https://trendlyne.com/fundamentals/json-screener/79792/5/0/index/NIFTY500/nifty-500/,Trendlyne,screener,fundamental,Fundamental Screener,200,2026-07-11T08:54:44.135007+00:00,24,1186,140
https://trendlyne.com/fundamentals/all-in-one-screener-data-get/?perPageCount=25&pageNumber=0&query=FIIPCT1Q+%3E+1&columns=FIIPCT1Q%2Csholding_date%2CcurrentPrice%2Cday_changeP%2Cmonth_changeP%2CPROMPCT%2CPROMPCT1Q%2CPROMPLEDGE%2CFIIHOLD&groupType=all&groupName=&sortBy=FIIPCT1Q&order=DESC,Trendlyne,stock,promoter_holding,Promoter Holding,200,2026-07-11T08:54:44.135007+00:00,797,11929,500
https://trendlyne.com/fundamentals/all-in-one-screener-data-get/?perPageCount=25&pageNumber=0&query=week_changeP+%3E+nifty50_dayChangeP&columns=week_changeP%2Cnifty50_dayChangeP%2CcurrentPrice%2Crelp_nifty50_monthChangeP%2Crelp_nifty50_qtrChangeP%2Crelp_nifty50_yearChangeP%2Crelp_nifty50_2yearChangeP%2Crelp_nifty50_5yearChangeP%2Cmonth_changeP&groupType=all&groupName=&sortBy=week_changeP&order=DESC,Trendlyne,screener,fundamental,Fundamental Screener,200,2026-07-11T08:54:44.142376+00:00,900,18764,343
https://trendlyne.com/fundamentals/json-screener/79794/5/0/index/NIFTY500/nifty-500/,Trendlyne,screener,fundamental,Fundamental Screener,200,2026-07-11T08:54:44.352989+00:00,24,1160,141
https://trendlyne.com/fundamentals/tl-all-in-one-screener-data-get/?screenpk=79797&perPageCount=25&groupType=all&groupName=all,Trendlyne,screener,fundamental,Fundamental Screener,200,2026-07-11T08:54:44.354494+00:00,854,15880,531
https://trendlyne.com/fundamentals/json-screener/79801/5/0/index/NIFTY500/nifty-500/,Trendlyne,screener,fundamental,Fundamental Screener,200,2026-07-11T08:54:44.362252+00:00,24,1175,141
https://trendlyne.com/futures-options/api-filter/options/30-sep-2021-near/oi_gainers_call/all/,Trendlyne,fno,options_filters,Options Screener / Filters,200,2026-07-11T08:54:44.362252+00:00,1059,59149,859
https://trendlyne.com/fundamentals/json-screener/79802/5/0/index/NIFTY500/nifty-500/,Trendlyne,screener,fundamental,Fundamental Screener,200,2026-07-11T08:54:44.370663+00:00,24,1152,125
https://trendlyne.com/fundamentals/json-screener/79800/5/0/index/NIFTY500/nifty-500/,Trendlyne,screener,fundamental,Fundamental Screener,200,2026-07-11T08:54:44.371190+00:00,24,1163,125
https://trendlyne.com/fundamentals/json-screener/79806/5/0/index/NIFTY500/nifty-500/,Trendlyne,screener,fundamental,Fundamental Screener,200,2026-07-11T08:54:44.371709+00:00,24,1195,125
https://trendlyne.com/fundamentals/json-screener/79793/5/0/index/NIFTY500/nifty-500/,Trendlyne,screener,fundamental,Fundamental Screener,200,2026-07-11T08:54:44.372239+00:00,24,1171,141
https://trendlyne.com/futures-options/api-filter/options/30-sep-2021-next/oi_gainers_put/all/,Trendlyne,fno,options_filters,Options Screener / Filters,200,2026-07-11T08:54:44.372759+00:00,1059,94847,672
https://trendlyne.com/fundamentals/json-screener/79808/5/0/index/NIFTY500/nifty-500/,Trendlyne,screener,fundamental,Fundamental Screener,200,2026-07-11T08:54:44.387276+00:00,24,1157,125
https://trendlyne.com/fundamentals/json-screener/79803/5/0/index/NIFTY500/nifty-500/,Trendlyne,screener,fundamental,Fundamental Screener,200,2026-07-11T08:54:44.387276+00:00,24,1182,156
https://trendlyne.com/fundamentals/tl-all-in-one-screener-data-get/?screenpk=515760&perPageCount=25&groupType=all&groupName=all,Trendlyne,screener,fundamental,Fundamental Screener,200,2026-07-11T08:54:44.388302+00:00,999,22993,703
https://trendlyne.com/fundamentals/json-screener/17097/5/0/index/NIFTY500/nifty-500/,Trendlyne,screener,fundamental,Fundamental Screener,200,2026-07-11T08:54:44.606681+00:00,84,2441,110
https://trendlyne.com/fundamentals/tl-all-in-one-screener-data-get/?screenpk=79799&perPageCount=25&groupType=all&groupName=all,Trendlyne,screener,fundamental,Fundamental Screener,200,2026-07-11T08:54:44.608679+00:00,808,12215,656
https://trendlyne.com/fundamentals/json-screener/28/5/0/index/NIFTY500/nifty-500/,Trendlyne,screener,fundamental,Fundamental Screener,200,2026-07-11T08:54:44.615498+00:00,10,437,93
https://trendlyne.com/fundamentals/json-screener/17100/5/0/index/NIFTY500/nifty-500/,Trendlyne,screener,fundamental,Fundamental Screener,200,2026-07-11T08:54:44.616115+00:00,84,2479,125
https://trendlyne.com/fundamentals/json-screener/10/5/0/index/NIFTY500/nifty-500/,Trendlyne,screener,fundamental,Fundamental Screener,200,2026-07-11T08:54:44.617121+00:00,1,50,62
https://trendlyne.com/fundamentals/json-screener/17099/5/0/index/NIFTY500/nifty-500/,Trendlyne,screener,fundamental,Fundamental Screener,200,2026-07-11T08:54:44.618123+00:00,84,2405,125
https://trendlyne.com/fundamentals/json-screener/20014/5/0/index/NIFTY500/nifty-500/,Trendlyne,screener,fundamental,Fundamental Screener,200,2026-07-11T08:54:44.618636+00:00,39,1511,125
https://trendlyne.com/fundamentals/json-screener/22/5/0/index/NIFTY500/nifty-500/,Trendlyne,screener,fundamental,Fundamental Screener,200,2026-07-11T08:54:44.619641+00:00,1,62,62
https://trendlyne.com/fundamentals/json-screener/9844/5/0/index/NIFTY500/nifty-500/,Trendlyne,screener,fundamental,Fundamental Screener,200,2026-07-11T08:54:44.619641+00:00,69,2365,108
https://trendlyne.com/fundamentals/json-screener/27/5/0/index/NIFTY500/nifty-500/,Trendlyne,screener,fundamental,Fundamental Screener,200,2026-07-11T08:54:44.620146+00:00,39,1166,125
https://trendlyne.com/fundamentals/json-screener/21/5/0/index/NIFTY500/nifty-500/,Trendlyne,screener,fundamental,Fundamental Screener,200,2026-07-11T08:54:44.621152+00:00,24,1234,110
https://trendlyne.com/fundamentals/json-screener/31/5/0/index/NIFTY500/nifty-500/,Trendlyne,screener,fundamental,Fundamental Screener,200,2026-07-11T08:54:44.621972+00:00,10,446,110
https://trendlyne.com/fundamentals/json-screener/15/5/0/index/NIFTY500/nifty-500/,Trendlyne,screener,fundamental,Fundamental Screener,200,2026-07-11T08:54:44.621972+00:00,15,789,125
https://trendlyne.com/fundamentals/json-screener/40/5/0/index/NIFTY500/nifty-500/,Trendlyne,screener,fundamental,Fundamental Screener,200,2026-07-11T08:54:44.622484+00:00,24,1077,125
https://trendlyne.com/fundamentals/json-screener/24/5/0/index/NIFTY500/nifty-500/,Trendlyne,screener,fundamental,Fundamental Screener,200,2026-07-11T08:54:44.623050+00:00,24,1216,139
https://smartoptions.trendlyne.com/phoenix/api/fno/market/filter/?mtype=options&expDate=2026-05-26&screenType=price-losers,Trendlyne,fno,options_filters,Options Screener / Filters,200,2026-07-11T08:54:44.873331+00:00,1064,99070,625
https://smartoptions.trendlyne.com/phoenix/api/fno/market/filter/?mtype=options&expDate=2026-05-26&screenType=most-active-value,Trendlyne,fno,options_filters,Options Screener / Filters,200,2026-07-11T08:54:45.153739+00:00,1064,98479,671
https://smartoptions.trendlyne.com/phoenix/api/fno/market/filter/?mtype=options&expDate=2026-05-26&screenType=oi-gainers,Trendlyne,fno,options_filters,Options Screener / Filters,200,2026-07-11T08:54:45.169592+00:00,1064,99130,608
https://smartoptions.trendlyne.com/phoenix/api/fno/market/filter/?mtype=options&expDate=2026-05-26&screenType=most-active-contract,Trendlyne,fno,options_filters,Options Screener / Filters,200,2026-07-11T08:54:45.182980+00:00,1064,98038,702
https://smartoptions.trendlyne.com/phoenix/api/fno/market/filter/?mtype=options&expDate=2026-05-26&screenType=price-gainers,Trendlyne,fno,options_filters,Options Screener / Filters,200,2026-07-11T08:54:45.402408+00:00,1064,98517,703
https://smartoptions.trendlyne.com/phoenix/api/fno/market/filter/?mtype=options&expDate=2026-05-26&screenType=most-active-contract-put,Trendlyne,fno,options_filters,Options Screener / Filters,200,2026-07-11T08:54:45.613812+00:00,1064,97830,750
https://smartoptions.trendlyne.com/phoenix/api/fno/market/filter/?mtype=options&expDate=2026-05-26&screenType=oi-losers-call,Trendlyne,fno,options_filters,Options Screener / Filters,200,2026-07-11T08:54:45.627600+00:00,1064,98608,860
https://smartoptions.trendlyne.com/phoenix/api/fno/market/filter/?mtype=options&expDate=2026-05-26&screenType=oi-losers-put,Trendlyne,fno,options_filters,Options Screener / Filters,200,2026-07-11T08:54:45.881840+00:00,1064,97770,343
https://smartoptions.trendlyne.com/phoenix/api/fno/market/filter/?mtype=options&expDate=2026-05-26&screenType=iv-rise,Trendlyne,fno,options_filters,Options Screener / Filters,200,2026-07-11T08:54:45.894862+00:00,74,1525,375
https://smartoptions.trendlyne.com/phoenix/api/fno/market/filter/?mtype=options&expDate=2026-05-26&screenType=contract-gainers-call,Trendlyne,fno,options_filters,Options Screener / Filters,200,2026-07-11T08:54:45.895867+00:00,1064,98713,391
https://smartoptions.trendlyne.com/phoenix/api/fno/market/filter/?mtype=options&expDate=2026-05-26&screenType=iv-fall,Trendlyne,fno,options_filters,Options Screener / Filters,200,2026-07-11T08:54:46.111479+00:00,107,1969,389
https://kayal.trendlyne.com/broker-webview/kayal/all-in-one-screener-data-get/?perPageCount=200&pageNumber=0&screenpk=48091&groupType=all&groupName=,Trendlyne,screener,fundamental,Fundamental Screener,200,2026-07-11T08:54:46.117819+00:00,950,22367,1155
https://smartoptions.trendlyne.com/phoenix/api/fno/market/filter/?mtype=options&expDate=2026-05-26&screenType=in-money,Trendlyne,fno,options_filters,Options Screener / Filters,200,2026-07-11T08:54:46.124437+00:00,1064,93743,577
https://smartoptions.trendlyne.com/phoenix/api/fno/market/filter/?mtype=options&expDate=2026-05-26&screenType=out-of-money,Trendlyne,fno,options_filters,Options Screener / Filters,200,2026-07-11T08:54:46.393765+00:00,1064,95535,593
https://smartoptions.trendlyne.com/phoenix/api/fno/market/filter/?mtype=options&expDate=2026-05-26&screenType=short-build-up,Trendlyne,fno,options_filters,Options Screener / Filters,200,2026-07-11T08:54:46.404807+00:00,1064,98643,531
https://smartoptions.trendlyne.com/phoenix/api/fno/market/filter/?mtype=options&expDate=2026-05-26&screenType=long-build-up,Trendlyne,fno,options_filters,Options Screener / Filters,200,2026-07-11T08:54:46.654822+00:00,1064,94439,547
https://smartoptions.trendlyne.com/phoenix/api/fno/market/filter/?mtype=futures&expDate=2026-05-26&screenType=most-active-value,Trendlyne,fno,futures_filters,Futures Screener / Filters,200,2026-07-11T08:54:46.668607+00:00,738,84841,202
https://smartoptions.trendlyne.com/phoenix/api/fno/market/filter/?mtype=options&expDate=2026-05-26&screenType=contract-gainers-put,Trendlyne,fno,options_filters,Options Screener / Filters,200,2026-07-11T08:54:46.895546+00:00,1064,98370,875
https://smartoptions.trendlyne.com/phoenix/api/fno/market/filter/?mtype=futures&expDate=2026-05-26&screenType=most-active-contract,Trendlyne,fno,futures_filters,Futures Screener / Filters,200,2026-07-11T08:54:46.914394+00:00,738,84447,296
https://smartoptions.trendlyne.com/phoenix/api/fno/market/filter/?mtype=futures&expDate=2026-05-26&screenType=price-gainers,Trendlyne,fno,futures_filters,Futures Screener / Filters,200,2026-07-11T08:54:47.150699+00:00,738,38255,156
https://smartoptions.trendlyne.com/phoenix/api/fno/market/filter/?mtype=options&expDate=2026-05-26&screenType=oi-losers,Trendlyne,fno,options_filters,Options Screener / Filters,200,2026-07-11T08:54:47.167763+00:00,1064,98368,1828
https://smartoptions.trendlyne.com/phoenix/api/fno/market/filter/?mtype=options&expDate=2026-05-26&screenType=oi-gainers-put,Trendlyne,fno,options_filters,Options Screener / Filters,200,2026-07-11T08:54:47.430457+00:00,1064,98055,1843
https://smartoptions.trendlyne.com/phoenix/api/fno/market/filter/?mtype=options&expDate=2026-05-26&screenType=short-covering,Trendlyne,fno,options_filters,Options Screener / Filters,200,2026-07-11T08:54:47.443794+00:00,1064,97903,547
https://smartoptions.trendlyne.com/phoenix/api/fno/market/filter/?mtype=futures&expDate=2026-05-26&screenType=oi-gainers,Trendlyne,fno,futures_filters,Futures Screener / Filters,200,2026-07-11T08:54:47.706537+00:00,163,3114,93
https://smartoptions.trendlyne.com/phoenix/api/fno/market/filter/?mtype=options&expDate=2026-05-26&screenType=long-unwinding,Trendlyne,fno,options_filters,Options Screener / Filters,200,2026-07-11T08:54:47.707831+00:00,1064,97477,891
https://smartoptions.trendlyne.com/phoenix/api/fno/market/filter/?mtype=options&expDate=2026-05-26&screenType=short-covering&instType=index,Trendlyne,fno,options_filters,Options Screener / Filters,200,2026-07-11T08:54:47.735811+00:00,1064,95076,860
https://trendlyne.com/equity/getStockMetricParameterList/175/,Trendlyne,stock,stock_metric_list,Stock Metric Parameter List,200,2026-07-11T08:54:48.021041+00:00,3,123,77
https://smartoptions.trendlyne.com/phoenix/api/fno/market/filter/?mtype=futures&expDate=2026-05-26&screenType=short-build-up,Trendlyne,fno,futures_filters,Futures Screener / Filters,200,2026-07-11T08:54:48.021041+00:00,94,1858,125
https://smartoptions.trendlyne.com/phoenix/api/fno/market/filter/?mtype=futures&expDate=2026-05-26&screenType=price-losers,Trendlyne,fno,futures_filters,Futures Screener / Filters,200,2026-07-11T08:54:48.024824+00:00,738,53057,218
https://smartoptions.trendlyne.com/phoenix/api/fno/market/filter/?mtype=options&expDate=2026-05-26&screenType=short-covering&instType=stock,Trendlyne,fno,options_filters,Options Screener / Filters,200,2026-07-11T08:54:48.048436+00:00,1064,97828,514
https://trendlyne.com/equity/api/stock/adv-technical-analysis/175/24/,Trendlyne,stock,adv_technical,Advanced Technical Analysis,200,2026-07-11T08:54:48.308196+00:00,533,16010,125
https://trendlyne.com/equity/overview-second-part/175/,Trendlyne,stock,stock_header,Stock Page Header / Overview,200,2026-07-11T08:54:48.317613+00:00,910,45244,202
https://smartoptions.trendlyne.com/phoenix/api/fno/market/filter/?mtype=futures&expDate=2026-05-26&screenType=long-build-up,Trendlyne,fno,futures_filters,Futures Screener / Filters,200,2026-07-11T08:54:48.321629+00:00,117,2268,233
https://smartoptions.trendlyne.com/phoenix/api/fno/market/filter/?mtype=futures&expDate=2026-05-26&screenType=discount,Trendlyne,fno,futures_filters,Futures Screener / Filters,200,2026-07-11T08:54:48.326381+00:00,738,50091,233
https://smartoptions.trendlyne.com/phoenix/api/fno/market/filter/?mtype=futures&expDate=2026-05-26&screenType=contract-gainers,Trendlyne,fno,futures_filters,Futures Screener / Filters,200,2026-07-11T08:54:48.334837+00:00,324,6029,125
https://priceapi.moneycontrol.com/pricefeed/notapplicable/inidicesindia/in%3BNSX,Moneycontrol,stock,price_live,Live Stock Price / Quote,200,2026-07-11T08:54:48.585838+00:00,90,1833,62
https://smartoptions.trendlyne.com/phoenix/api/fno/market/filter/?mtype=futures&expDate=2026-05-26&screenType=oi-losers,Trendlyne,fno,futures_filters,Futures Screener / Filters,200,2026-07-11T08:54:48.588738+00:00,738,84856,297
https://smartoptions.trendlyne.com/phoenix/api/fno/market/filter/?mtype=futures&expDate=2026-05-26&screenType=premium,Trendlyne,fno,futures_filters,Futures Screener / Filters,200,2026-07-11T08:54:48.599806+00:00,738,41630,156
https://smartoptions.trendlyne.com/phoenix/api/fno/market/filter/?mtype=futures&expDate=2026-05-26&screenType=short-covering,Trendlyne,fno,futures_filters,Futures Screener / Filters,200,2026-07-11T08:54:48.842710+00:00,738,37253,171
https://priceapi.moneycontrol.com/pricefeed/techindicator/M/in%3Bnbx,Moneycontrol,stock,price_live,Live Stock Price / Quote,200,2026-07-11T08:54:48.856011+00:00,144,3023,141
https://smartoptions.trendlyne.com/phoenix/api/fno/market/filter/?mtype=futures&expDate=2026-05-26&screenType=long-unwinding,Trendlyne,fno,futures_filters,Futures Screener / Filters,200,2026-07-11T08:54:48.856011+00:00,738,52398,218
https://priceapi.moneycontrol.com/pricefeed/techindicator/W/in%3Bnbx,Moneycontrol,stock,price_live,Live Stock Price / Quote,200,2026-07-11T08:54:49.096002+00:00,144,3020,218
https://smartoptions.trendlyne.com/phoenix/api/fno/market/filter/?mtype=options&expDate=2026-05-26&screenType=oi-gainers-call,Trendlyne,fno,options_filters,Options Screener / Filters,200,2026-07-11T08:54:49.100768+00:00,1064,98349,2264
https://smartoptions.trendlyne.com/phoenix/api/fno/market/filter/?mtype=options&expDate=2026-05-26&screenType=most-active-contract-call,Trendlyne,fno,options_filters,Options Screener / Filters,200,2026-07-11T08:54:49.116827+00:00,1064,98439,2359
https://appfeeds.moneycontrol.com/jsonapi/market/indices&format=json&ind_id=38,Moneycontrol,indices,fno_index,Index Futures/Options Overview,200,2026-07-11T08:54:49.475749+00:00,56,1581,187
https://priceapi.moneycontrol.com/pricefeed/techindicator/D/in%3Bnbx,Moneycontrol,stock,price_live,Live Stock Price / Quote,200,2026-07-11T08:54:49.476185+00:00,144,3022,187
https://appfeeds.moneycontrol.com/jsonapi/market/marketmap&format=json&type=0&ind_id=38,Moneycontrol,indices,heatmap,Index Heatmap / Marketmap,200,2026-07-11T08:54:49.478192+00:00,300,11877,171
https://smartoptions.trendlyne.com/phoenix/api/fno/market/filter/?mtype=options&expDate=2026-05-26&screenType=contract-gainers,Trendlyne,fno,options_filters,Options Screener / Filters,200,2026-07-11T08:54:49.479639+00:00,1064,98770,1687
https://appfeeds.moneycontrol.com/jsonapi/market/graph&format=json&ind_id=38&range=1d&type=stick,Moneycontrol,indices,chart,Index Chart / OHLC Graph,200,2026-07-11T08:54:49.496097+00:00,40,1960,109
https://api.moneycontrol.com/mcapi/v1/indices/get-indices-list?appVersion=137,Moneycontrol,indices,overview,Index Overview / Summary,200,2026-07-11T08:54:49.496097+00:00,186,3719,391
https://appfeeds.moneycontrol.com/jsonapi/market/graph&format=json&ind_id=38&range=1d&type=ohlc,Moneycontrol,indices,chart,Index Chart / OHLC Graph,200,2026-07-11T08:54:49.499371+00:00,40,1943,297
https://appfeeds.moneycontrol.com/jsonapi/market/marketmap&format=json&type=1&ind_id=38,Moneycontrol,indices,heatmap,Index Heatmap / Marketmap,200,2026-07-11T08:54:49.500173+00:00,56,1203,328
https://appfeeds.moneycontrol.com/jsonapi/market/marketmap&format=json&type=2&ind_id=38,Moneycontrol,indices,heatmap,Index Heatmap / Marketmap,200,2026-07-11T08:54:49.503444+00:00,300,11877,327
https://appfeeds.moneycontrol.com/jsonapi/market/graph&format=json&ind_id=38&range=5d&type=line,Moneycontrol,indices,chart,Index Chart / OHLC Graph,200,2026-07-11T08:54:49.832298+00:00,226,240436,264
https://appfeeds.moneycontrol.com/jsonapi/market/graph&format=json&ind_id=38&range=1d&type=line,Moneycontrol,indices,chart,Index Chart / OHLC Graph,200,2026-07-11T08:54:49.856164+00:00,226,37518,328
https://api.moneycontrol.com/mcapi/v1/indices/fundamentals/overview?indId=9,Moneycontrol,indices,pe_pb_eps,Index PE / PB / EPS Fundamentals,200,2026-07-11T08:54:49.858880+00:00,14,515,250
https://appfeeds.moneycontrol.com/jsonapi/market/graph&format=json&ind_id=38&range=1d&type=area,Moneycontrol,indices,chart,Index Chart / OHLC Graph,200,2026-07-11T08:54:49.858880+00:00,226,37518,187
https://appfeeds.moneycontrol.com/jsonapi/market/graph&format=json&ind_id=38&range=2yr&type=line,Moneycontrol,indices,chart,Index Chart / OHLC Graph,200,2026-07-11T08:54:49.861555+00:00,346,89462,391
https://api.moneycontrol.com/mcapi/v1/indices/fundamentals/graph/pe?indId=9&duration=1Y,Moneycontrol,indices,pe_pb_eps,Index PE / PB / EPS Fundamentals,200,2026-07-11T08:54:49.865185+00:00,93,13723,157
https://appfeeds.moneycontrol.com/jsonapi/market/graph&format=json&ind_id=38&range=6m&type=line,Moneycontrol,indices,chart,Index Chart / OHLC Graph,200,2026-07-11T08:54:49.867164+00:00,346,23496,437
https://api.moneycontrol.com/mcapi/v1/indices/fundamentals/graph/pb?indId=9&duration=1Y,Moneycontrol,indices,pe_pb_eps,Index PE / PB / EPS Fundamentals,200,2026-07-11T08:54:49.871270+00:00,93,13483,218
https://appfeeds.moneycontrol.com/jsonapi/market/graph&format=json&ind_id=38&range=3m&type=line,Moneycontrol,indices,chart,Index Chart / OHLC Graph,200,2026-07-11T08:54:49.871799+00:00,346,12871,531
https://appfeeds.moneycontrol.com/jsonapi/market/graph&format=json&ind_id=38&range=5yr&type=line,Moneycontrol,indices,chart,Index Chart / OHLC Graph,200,2026-07-11T08:54:49.873810+00:00,346,221164,296
https://appfeeds.moneycontrol.com/jsonapi/market/indices&format=json&ind_id=23,Moneycontrol,indices,fno_index,Index Futures/Options Overview,200,2026-07-11T08:54:49.879834+00:00,62,1888,141
https://appfeeds.moneycontrol.com/jsonapi/market/marketmap&format=json&type=0&ind_id=23,Moneycontrol,indices,heatmap,Index Heatmap / Marketmap,200,2026-07-11T08:54:49.879834+00:00,140,4116,125
https://appfeeds.moneycontrol.com/jsonapi/market/graph&format=json&ind_id=38&range=1yr&type=line,Moneycontrol,indices,chart,Index Chart / OHLC Graph,200,2026-07-11T08:54:49.883506+00:00,346,45660,562
https://appfeeds.moneycontrol.com/jsonapi/fno/overview&format=json&inst_type=Futures&id=BANKNIFTY&ExpiryDate=,Moneycontrol,fno,futures_data,Futures Overview / Prices,200,2026-07-11T08:54:49.885944+00:00,44,1268,156
https://appfeeds.moneycontrol.com/jsonapi/fno/overview&format=json&inst_type=Options&id=BANKNIFTY&ExpiryDate=,Moneycontrol,fno,options_data,Options Overview / Prices,200,2026-07-11T08:54:49.887011+00:00,18,689,110
https://appfeeds.moneycontrol.com/jsonapi/market/indices&format=json&t_device=iphone&t_app=MC&t_version=48&ind_id=23,Moneycontrol,indices,fno_index,Index Futures/Options Overview,200,2026-07-11T08:54:49.887011+00:00,71,2237,110
https://www.moneycontrol.com/mc/widget/historicalrating?classic=true&type=gson&indice_id=in;cpr&period=W,Moneycontrol,stock,technical_rating,Historical Technical Rating,200,2026-07-11T08:54:49.888017+00:00,182,17515,296
https://appfeeds.moneycontrol.com/jsonapi/market/marketmap&format=json&type=1&ind_id=23,Moneycontrol,indices,heatmap,Index Heatmap / Marketmap,200,2026-07-11T08:54:49.888017+00:00,8,188,125
https://www.moneycontrol.com/mc/widget/historicalrating?classic=true&type=gson&indice_id=in;cgy&period=D,Moneycontrol,stock,technical_rating,Historical Technical Rating,200,2026-07-11T08:54:49.888017+00:00,122,56618,265
https://api.moneycontrol.com/mcapi/v1/stock/corporate-action?deviceType=W&scId=BE03&section=d&start=0&limit=5,Moneycontrol,stock,dividends,Dividends,200,2026-07-11T08:54:50.040252+00:00,31,964,172
https://api.moneycontrol.com/mcapi/v1/quarterly-earning/peers-comparison?sc_id=BE03&deviceType=W&section=BALANCE_SHEET,Moneycontrol,stock,balance_sheet,Balance Sheet,200,2026-07-11T08:54:50.040252+00:00,157,3840,109
https://api.moneycontrol.com/mcapi/v1/stock/corporate-action?deviceType=W&scId=BE03&section=bm&start=0&limit=5,Moneycontrol,stock,bonus_rights,Bonus / Rights Issues,200,2026-07-11T08:54:50.056374+00:00,11,319,186
"https://appfeeds.moneycontrol.com/jsonapi/messages/topic_messages&format=json&tab=1&user_id=&token=&start=pageno&topic_id=509989""",Moneycontrol,other,misc,Miscellaneous / Uncategorised,200,2026-07-11T08:54:50.056374+00:00,178,6141,250
https://api.moneycontrol.com/mcapi/v1/indices/fundamentals/epsdetail?indId=9,Moneycontrol,indices,pe_pb_eps,Index PE / PB / EPS Fundamentals,200,2026-07-11T08:54:50.056374+00:00,23,552,610
https://appfeeds.moneycontrol.com/jsonapi/market/graph&format=json&ind_id=23&range=1d&type=area,Moneycontrol,indices,chart,Index Chart / OHLC Graph,200,2026-07-11T08:54:50.060428+00:00,226,37516,250
https://api.moneycontrol.com/mcapi/v1/stock/corporate-action?deviceType=W&scId=BE03&section=s&start=0&limit=5,Moneycontrol,stock,splits,Stock Splits,200,2026-07-11T08:54:50.064206+00:00,6,144,250
https://api.moneycontrol.com/mcapi/v1/deals/list?start=16&limit=8&orderBy=deal_date&sortBy=DESC&deviceType=W&scId=BE03,Moneycontrol,institutional,bulk_block_deals,Bulk / Block Deals,200,2026-07-11T08:54:50.064720+00:00,111,2807,296
https://api.moneycontrol.com/mcapi/v1/extdata/mc-block-data?scId=BE03&page=2,Moneycontrol,stock,bulk_block_deals,Bulk / Block Deals,200,2026-07-11T08:54:50.066558+00:00,17,536,343
https://trendlyne.com/mapp/v1/stock/web/ohlc/175/Q5JEXGN2NFLZ7H5OOBFSBUDUP4======/,Trendlyne,stock,price_history,Historical Price / OHLC,200,2026-07-11T08:54:50.067120+00:00,3,92,93
https://api.moneycontrol.com/mcapi/v1/stock/market-depth?scId=BE03,Moneycontrol,stock,market_depth,Market Depth / Order Book,200,2026-07-11T08:54:50.067120+00:00,26,463,187
https://appfeeds.moneycontrol.com/jsonapi/market/graph&format=json&ind_id=38&range=max&type=line,Moneycontrol,indices,chart,Index Chart / OHLC Graph,200,2026-07-11T08:54:50.067660+00:00,346,714797,577
https://api.moneycontrol.com/mcapi/v1/stock/corporate-action?deviceType=W&scId=BE03&section=b&start=0&limit=5,Moneycontrol,stock,dividends,Dividends,200,2026-07-11T08:54:50.144672+00:00,22,523,360
https://api.moneycontrol.com/mcapi/v1/quarterly-earning/balance-sheet?sc_id=BE03&deviceType=W,Moneycontrol,stock,balance_sheet,Balance Sheet,200,2026-07-11T08:54:50.144672+00:00,6445,233909,233
https://api.moneycontrol.com/mcapi/technicalpicks/chart-patterns?deviceType=W&version=174&start=0&limit=12&pattern_type=all&sc_id=BE03,Moneycontrol,stock,chart_patterns,Chart Patterns,200,2026-07-11T08:54:50.191748+00:00,79,4595,202
https://appfeeds.moneycontrol.com/jsonapi/market/graph&format=json&ind_id=38&range=1m&type=line,Moneycontrol,indices,chart,Index Chart / OHLC Graph,200,2026-07-11T08:54:50.192275+00:00,256,5790,1062
https://webapi.niftytrader.in/webapi/symbol/stock-index-data,NiftyTrader,indices,overview,Index Overview / Summary,200,2026-07-11T08:54:50.193838+00:00,104,2026,187
https://webapi.niftytrader.in/webapi/Option/option-hottest?filter_by=mostactive&category=all,NiftyTrader,fno,oi_analysis,Open Interest Analysis / PCR,200,2026-07-11T08:54:50.197090+00:00,262,5609,233
https://webapi.niftytrader.in/webapi/option/option-chain-data?symbol=nifty&exchange=nse&expiryDate=,NiftyTrader,fno,option_chain,Option Chain Data,200,2026-07-11T08:54:50.386058+00:00,2162,158874,250
https://webapi.niftytrader.in/webapi/option/option-chain-data?symbol=nifty&exchange=nse&expiryDate=&atmBelow=0&atmAbove=0,NiftyTrader,fno,option_chain,Option Chain Data,200,2026-07-11T08:54:50.429715+00:00,2162,158874,235
https://analyze.api.tickertape.in/stocks/deals/insight?type=BUY&duration=1w&sortBy=VALUE,Tickertape,institutional,bulk_block_deals,Bulk / Block Deals,200,2026-07-11T08:54:50.444604+00:00,23,536,203
https://analyze.api.tickertape.in/stocks/deals/insight?type=BUY&duration=6m&sortBy=VALUE,Tickertape,institutional,bulk_block_deals,Bulk / Block Deals,200,2026-07-11T08:54:50.445637+00:00,29,766,203
https://trendlyne.com/mapp/v1/stock/chart-data/175/EPS_TTM/,Trendlyne,stock,eps,EPS (Earnings Per Share),200,2026-07-11T08:54:50.446409+00:00,167,3578,297
https://webapi.niftytrader.in/webapi/Option/dashboard-data,NiftyTrader,other,misc,Miscellaneous / Uncategorised,200,2026-07-11T08:54:50.447443+00:00,546,88329,312
https://analyze.api.tickertape.in/stocks/deals?order=desc&orderBy=date&count=40,Tickertape,other,misc,Miscellaneous / Uncategorised,200,2026-07-11T08:54:50.455787+00:00,392,13282,203
https://analyze.api.tickertape.in/faqs/stocks?sid=RLXO,Tickertape,other,misc,Miscellaneous / Uncategorised,200,2026-07-11T08:54:50.457993+00:00,45,1209,77
https://analyze.api.tickertape.in/v2/stocks/summary/RLXO,Tickertape,other,misc,Miscellaneous / Uncategorised,200,2026-07-11T08:54:50.458519+00:00,566,32533,187
https://trendlyne.com/mapp/v1/stock/chart-data/175/PBV_A_SHARE_NOW/,Trendlyne,stock,pb_ratio,P/B Ratio Chart,200,2026-07-11T08:54:50.461133+00:00,167,55226,500
https://trendlyne.com/mapp/v1/stock/chart-data/175/PE_TTM_SHARE_NOW/,Trendlyne,stock,pe_ratio,P/E Ratio Chart,200,2026-07-11T08:54:50.467456+00:00,167,57089,452
https://api.tickertape.in/stocks/estimates/history/RLXO,Tickertape,other,misc,Miscellaneous / Uncategorised,200,2026-07-11T08:54:50.471182+00:00,35,863,155
https://api.tickertape.in/stocks/info/RLXO,Tickertape,other,misc,Miscellaneous / Uncategorised,200,2026-07-11T08:54:50.471182+00:00,57,1753,186
https://api.tickertape.in/stocks/commentaries/RLXO?keys[]=financialStatement&keys[]=interimFinancialStatement&keys[]=corporates&keys[]=holdings,Tickertape,stock,things_to_know,Things to Know / Commentary,200,2026-07-11T08:54:50.471182+00:00,96,6722,155
https://api.tickertape.in/screener/screens/load/SCR0010,Tickertape,screener,fundamental,Fundamental Screener,200,2026-07-11T08:54:50.473188+00:00,292,11600,218
https://api.tickertape.in/screener/screens/load/SCR0150,Tickertape,screener,fundamental,Fundamental Screener,200,2026-07-11T08:54:50.474693+00:00,328,12234,202
https://analyze.api.tickertape.in/homepage/stocks?universe=SmallCap&type=active&count=1&offset=0,Tickertape,other,misc,Miscellaneous / Uncategorised,200,2026-07-11T08:54:50.476724+00:00,10,273,78
https://analyze.api.tickertape.in/stocks/scorecard/RLXO,Tickertape,stock,scorecard,Stock Scorecard / Mojo Score,200,2026-07-11T08:54:50.476724+00:00,134,2631,125
https://api.tickertape.in/stocks/financials/income/RLXO/interim/normal?count=10,Tickertape,stock,financials_quarterly,Quarterly Financials / Results,200,2026-07-11T08:54:50.633241+00:00,191,3992,78
https://api.tickertape.in/stocks/quotes?sids=RLXO,Tickertape,other,misc,Miscellaneous / Uncategorised,200,2026-07-11T08:54:50.636215+00:00,9,157,172
https://trendlyne.com/share-price/price-performance-analysis/175,Trendlyne,stock,price_performance,Price Performance Analysis,200,2026-07-11T08:54:50.636215+00:00,1299,13927,750
https://api.tickertape.in/stocks/financials/income/RLXO/annual/normal?count=10,Tickertape,stock,financials_annual,Annual Financials / P&L,200,2026-07-11T08:54:50.644418+00:00,240,5097,203
https://analyze.api.tickertape.in/homepage/stocks?universe=LargeCap&type=active&count=10000&offset=2,Tickertape,other,misc,Miscellaneous / Uncategorised,200,2026-07-11T08:54:50.644418+00:00,271,22615,188
https://quotes-api.tickertape.in/quotes?sids=RLXO,Tickertape,stock,price_live,Live Stock Price / Quote,200,2026-07-11T08:54:50.652090+00:00,24,424,156
https://api.moneycontrol.com/mcapi/v1/premarket/article?slug=international-markets&limit=1,Moneycontrol,premarket,global_update,Global Market Update,200,2026-07-11T08:54:50.652090+00:00,67,6051,110
https://api.moneycontrol.com/mcapi/v1/premarket/article?slug=market-cues&limit=1,Moneycontrol,premarket,market_cues,Pre-market Cues,200,2026-07-11T08:54:50.654666+00:00,72,7599,156
https://analyze.api.tickertape.in/homepage/stocks?universe=MidCap&type=active&count=10000&offset=0,Tickertape,other,misc,Miscellaneous / Uncategorised,200,2026-07-11T08:54:50.656199+00:00,271,34319,202
https://api.moneycontrol.com/mcapi/v1/premarket/article?slug=taking-stock&limit=1,Moneycontrol,premarket,taking_stock,Taking Stock,200,2026-07-11T08:54:50.658968+00:00,73,9484,171
https://api.moneycontrol.com/mcapi/v1/premarket/getBrokerResearchReco?sublevel=stocks&start=0&limit=8,Moneycontrol,analyst,buy_recommendations,Broker Buy Recommendations,200,2026-07-11T08:54:50.659512+00:00,97,4253,93
https://api.moneycontrol.com/mcapi/v1/premarket/article?slug=asian-markets&limit=1,Moneycontrol,premarket,global_update,Global Market Update,200,2026-07-11T08:54:50.660564+00:00,67,6663,218
https://appfeeds.moneycontrol.com/jsonapi/market/graph&format=json&range=1d%20&ind_id=in;gsx,Moneycontrol,indices,chart,Index Chart / OHLC Graph,200,2026-07-11T08:54:50.661094+00:00,226,12991,125
https://api.moneycontrol.com/mcapi/v1/premarket/article?slug=mc-essentials&limit=1,Moneycontrol,stock,mc_insights,Moneycontrol Insights / Essentials,200,2026-07-11T08:54:50.664284+00:00,48,2219,219
https://api.moneycontrol.com/mcapi/v1/premarket/article?slug=options-trade&limit=1,Moneycontrol,premarket,options_trade,Options Trade Ideas,200,2026-07-11T08:54:50.664802+00:00,70,6392,141
https://api.moneycontrol.com/mcapi/v1/premarket/get-global-marketdata?section=ii,Moneycontrol,indices,global_markets,Global / International Markets,200,2026-07-11T08:54:50.666529+00:00,85,2604,311
https://api.moneycontrol.com/mcapi/v1/premarket/getMarketViewsData?cat=all&start=0&limit=9,Moneycontrol,premarket,market_views,Market Views,200,2026-07-11T08:54:50.667902+00:00,91,3940,233
https://api.moneycontrol.com/mcapi/v1/premarket/article?slug=hot-stocks&limit=1,Moneycontrol,premarket,hot_stocks,Hot Stocks,200,2026-07-11T08:54:50.668984+00:00,72,13641,217
https://api.moneycontrol.com/mcapi/v1/premarket/article?slug=moneycontrol-research&limit=4,Moneycontrol,premarket,research_picks,Research / MC Essentials,200,2026-07-11T08:54:50.668984+00:00,269,29353,312
https://api.moneycontrol.com/mcapi/v1/premarket/getMarketNewsData?limit=6,Moneycontrol,premarket,market_cues,Pre-market Cues,200,2026-07-11T08:54:50.671082+00:00,408,52202,421
https://api.moneycontrol.com/mcapi/v1/premarket/get-global-marketdata?section=mi,Moneycontrol,indices,global_markets,Global / International Markets,200,2026-07-11T08:54:50.674425+00:00,78,2583,375
https://api.moneycontrol.com/mcapi/v1/premarket/article?slug=trade-setup&limit=1,Moneycontrol,premarket,trade_setup,Trade Setup,200,2026-07-11T08:54:50.674425+00:00,71,12099,311
https://api.moneycontrol.com/mcapi/v1/premarket/article?slug=daily-voice&limit=1,Moneycontrol,premarket,daily_voice,Expert Daily Voice,200,2026-07-11T08:54:50.675928+00:00,76,9328,157
https://priceapi.moneycontrol.com/technicalCompanyData/oiData/oi-change-chart?scId=in;NSX&expiryDate=2026-06-30&assetType=I&type=INTRA&count=13&deviceType=W,Moneycontrol,fno,oi_analysis,Open Interest Analysis / PCR,200,2026-07-11T08:54:50.675928+00:00,2,80,78
https://api.moneycontrol.com/mcapi/v1/premarket/article?slug=futures-trade&limit=1,Moneycontrol,premarket,futures_trade,Futures Trade Ideas,200,2026-07-11T08:54:50.675928+00:00,52,2429,375
https://api.moneycontrol.com/mcapi/v1/premarket/article?slug=trading-plan&limit=1,Moneycontrol,premarket,trading_plan,Trading Plan,200,2026-07-11T08:54:50.675928+00:00,71,12813,281
https://api.moneycontrol.com/mcapi/v1/premarket/article?slug=cash-market&limit=1,Moneycontrol,premarket,cash_market,Cash Market Preview,200,2026-07-11T08:54:50.677933+00:00,64,6264,235
https://api.moneycontrol.com/mcapi/v1/premarket/article?slug=buzzing-stocks&limit=1,Moneycontrol,premarket,buzzing_stocks,Buzzing Stocks,200,2026-07-11T08:54:50.677933+00:00,72,5867,266
https://api.moneycontrol.com/mcapi/v1/premarket/get-global-marketdata?section=bo,Moneycontrol,indices,global_markets,Global / International Markets,200,2026-07-11T08:54:50.677933+00:00,50,1044,188
https://priceapi.moneycontrol.com/technicalCompanyData/oiData/oi-change-chart?scId=in;NSX&expiryDate=2026-06-30&assetType=I&type=HIST&count=31&deviceType=W,Moneycontrol,fno,oi_analysis,Open Interest Analysis / PCR,200,2026-07-11T08:54:50.846483+00:00,2,80,187
https://api.moneycontrol.com/mcapi/v1/earnings/result-calendar?indexId=All&fromDate=2026-06-26&toDate=2026-07-01&sector=,Moneycontrol,earnings,result_calendar,Earnings Result Calendar,200,2026-07-11T08:54:50.848692+00:00,25,315,140
https://priceapi.moneycontrol.com/technicalCompanyData/oiData/options-expiry-dates?scId=in;NSX&assetType=I&deviceType=W,Moneycontrol,fno,oi_analysis,Open Interest Analysis / PCR,200,2026-07-11T08:54:50.850507+00:00,40,1148,250
https://api.moneycontrol.com/mcapi/v1/premarket/getStockToWatchData?start=0&limit=3&sortby=rank&sortorder=asc,Moneycontrol,premarket,stocks_to_watch,Stocks to Watch,200,2026-07-11T08:54:50.851138+00:00,34,1333,407
https://api.moneycontrol.com/mcapi/v1/ecalendar/get-upcoming-event-data?page=1&pageSize=7,Moneycontrol,calendar,economic_events,Economic Calendar / Events,200,2026-07-11T08:54:50.851138+00:00,1,23,438
https://api.moneycontrol.com/mcapi/v1/earnings/rapid-results?limit=9&page=1&type=PT&subType=qo,Moneycontrol,earnings,rapid_results_pt,Results – Profit Turn,422,2026-07-11T08:54:50.851138+00:00,2,60,281
https://appfeeds.moneycontrol.com/jsonapi/market/graph&format=json&range=1d&type=area&ind_id=4,Moneycontrol,indices,chart,Index Chart / OHLC Graph,200,2026-07-11T08:54:50.851138+00:00,226,37499,375
https://api.moneycontrol.com/mcapi/v1/earnings/get-performers-detailed?sortBy=all&orderBy=mc&page=1&seq=desc&type=all,Moneycontrol,earnings,performers,Top/Bottom Performers,200,2026-07-11T08:54:50.854481+00:00,87,1057,108
https://api.moneycontrol.com/mcapi/v1/earnings/rapid-results?limit=9&page=1&type=WP&subType=yoy,Moneycontrol,earnings,rapid_results_wp,Results – Worst Performers,200,2026-07-11T08:54:50.854481+00:00,104,1321,328
https://api.moneycontrol.com/mcapi/v1/earnings/get-performers-detailed?sortBy=std&orderBy=mc&page=1&seq=desc&type=all,Moneycontrol,earnings,performers,Top/Bottom Performers,200,2026-07-11T08:54:50.854481+00:00,87,1053,171
https://api.moneycontrol.com/mcapi/v1/earnings/rapid-results?limit=9&page=1&type=WP&subType=qoq,Moneycontrol,earnings,rapid_results_wp,Results – Worst Performers,200,2026-07-11T08:54:50.856498+00:00,124,1523,250
https://webapi.niftytrader.in/webapi/symbol/today-spot-data?symbol=sensex&exchange=bse,NiftyTrader,indices,spot_data,Spot Price Data,200,2026-07-11T08:54:50.857629+00:00,19,397,77
https://webapi.niftytrader.in/webapi/symbol/today-spot-data?symbol=NIFTY+BANK,NiftyTrader,indices,spot_data,Spot Price Data,200,2026-07-11T08:54:50.857629+00:00,19,402,77
https://api.moneycontrol.com/mcapi/v1/earnings/rapid-results?limit=9&page=1&type=LR&subType=qoq,Moneycontrol,earnings,rapid_results_lt,Results – Latest,200,2026-07-11T08:54:50.857629+00:00,204,2432,202
https://webapi.niftytrader.in/webapi/Option/oi-time-range?symbol=banknifty&start_time=09:10:00&end_time=14:00:00&expiry=,NiftyTrader,fno,oi_analysis,Open Interest Analysis / PCR,200,2026-07-11T08:54:50.859754+00:00,392,53739,62
https://webapi.niftytrader.in/webapi/Option/max-pain-intraday-chart?symbol=sensex&exchange=bse,NiftyTrader,fno,max_pain,Max Pain Chart,200,2026-07-11T08:54:50.859754+00:00,7,11521,78
https://webapi.niftytrader.in/webapi/Option/oi-time-range?symbol=finnifty&start_time=09:10:00&end_time=14:00:00&expiry=,NiftyTrader,fno,oi_analysis,Open Interest Analysis / PCR,200,2026-07-11T08:54:50.864815+00:00,392,34696,62
https://webapi.niftytrader.in/webapi/symbol/today-spot-data?symbol=NIFTY+FIN+SERVICE,NiftyTrader,indices,spot_data,Spot Price Data,200,2026-07-11T08:54:50.870574+00:00,19,401,78
https://api.moneycontrol.com/mcapi/v1/earnings/rapid-results?limit=9&page=1&type=BP&subType=qoq,Moneycontrol,earnings,rapid_results_bp,Results – Best Performers (YoY/QoQ),200,2026-07-11T08:54:50.871119+00:00,204,2398,250
https://webapi.niftytrader.in/webapi/option/oi-pcr-data?symbolName=sensex&reqType=bse_pcr_data&reqDate=,NiftyTrader,fno,oi_analysis,Open Interest Analysis / PCR,200,2026-07-11T08:54:50.872672+00:00,216,76372,77
https://api.moneycontrol.com/mcapi/v1/earnings/rapid-results?limit=9&page=1&type=BP&subType=yoy,Moneycontrol,earnings,rapid_results_bp,Results – Best Performers (YoY/QoQ),200,2026-07-11T08:54:50.876294+00:00,204,2401,500
https://webapi.niftytrader.in/webapi/Symbol/stock-iv-data?symbol=NIFTY&type=intraday&exchange=nse,NiftyTrader,fno,iv_data,Implied Volatility,200,2026-07-11T08:54:50.877870+00:00,152,9403,77
https://webapi.niftytrader.in/webapi/option/oi-pcr-data?symbolName=finnifty&reqType=nse_pcr_data&reqDate=,NiftyTrader,fno,oi_analysis,Open Interest Analysis / PCR,200,2026-07-11T08:54:50.878904+00:00,215,76287,93
https://webapi.niftytrader.in/webapi/Option/max-pain-intraday-chart?symbol=banknifty&exchange=nse,NiftyTrader,fno,max_pain,Max Pain Chart,200,2026-07-11T08:54:50.881266+00:00,7,11497,93
https://webapi.niftytrader.in/webapi/Option/oi-time-range?symbol=sensex&start_time=09:10:00&end_time=14:00:00&expiry=,NiftyTrader,fno,oi_analysis,Open Interest Analysis / PCR,200,2026-07-11T08:54:50.881775+00:00,392,51151,219
https://webapi.niftytrader.in/webapi/Option/oi-time-range?symbol=finnifty&start_time=09:10:00&end_time=15:30:00&expiry=,NiftyTrader,fno,oi_analysis,Open Interest Analysis / PCR,200,2026-07-11T08:54:50.885168+00:00,392,34714,125
https://webapi.niftytrader.in/webapi/symbol/symbol-expiry-list?symbol=banknifty,NiftyTrader,fno,expiry_dates,FNO Expiry Dates,200,2026-07-11T08:54:51.000892+00:00,8,185,93
https://webapi.niftytrader.in/webapi/symbol/symbol-expiry-list?symbol=nifty,NiftyTrader,fno,expiry_dates,FNO Expiry Dates,200,2026-07-11T08:54:51.000892+00:00,10,229,93
https://webapi.niftytrader.in/webapi/Other/high-low-chart-data,NiftyTrader,market,52_week_high_low,52-Week / 10-Year High-Low,200,2026-07-11T08:54:51.000892+00:00,152,239159,141
https://webapi.niftytrader.in/webapi/Resource/ban-list,NiftyTrader,fno,ban_list,FNO Ban List,200,2026-07-11T08:54:51.007888+00:00,186,18306,93
https://webapi.niftytrader.in/webapi/option/oi-pcr-data?symbolName=banknifty&reqType=nse_pcr_data&reqDate=,NiftyTrader,fno,oi_analysis,Open Interest Analysis / PCR,200,2026-07-11T08:54:51.007888+00:00,218,76623,233
https://webapi.niftytrader.in/webapi/Option/trending-oi-data-specific?symbol=banknifty&expiryDate=2026-06-30&interval=5&limit=50,NiftyTrader,fno,trending_oi,Trending OI Data,200,2026-07-11T08:54:51.007888+00:00,2,96,78
https://webapi.niftytrader.in/webapi/Option/trending-oi-data-specific?symbol=nifty&expiryDate=2026-06-30&interval=5&limit=50,NiftyTrader,fno,trending_oi,Trending OI Data,200,2026-07-11T08:54:51.007888+00:00,2,96,62
https://webapi.niftytrader.in/webapi/option/option-chain-data?symbol=nifty&expiryDate=&atmBelow=5&atmAbove=5&exchange=nse,NiftyTrader,fno,option_chain,Option Chain Data,200,2026-07-11T08:54:51.012914+00:00,813,19073,94
https://webapi.niftytrader.in/webapi/Symbol/other-stock-spot-data?symbol=GIFT+NIFTY,NiftyTrader,indices,spot_data,Spot Price Data,200,2026-07-11T08:54:51.018109+00:00,18,4628,46
https://webapi.niftytrader.in/webapi/usstock/global-market,NiftyTrader,indices,global_markets,Global / International Markets,200,2026-07-11T08:54:51.018109+00:00,74,1866,46
https://webapi.niftytrader.in/webapi/Option/oi-time-range?symbol=sensex&start_time=09:10:00&end_time=15:30:00&expiry=,NiftyTrader,fno,oi_analysis,Open Interest Analysis / PCR,200,2026-07-11T08:54:51.019127+00:00,392,51216,327
https://webapi.niftytrader.in/webapi/Symbol/stock-iv-data?symbol=banknifty&type=intraday&exchange=nse,NiftyTrader,fno,iv_data,Implied Volatility,200,2026-07-11T08:54:51.022452+00:00,152,9828,93
https://webapi.niftytrader.in/webapi/Screener/screener-group-list,NiftyTrader,screener,groups,Screener Group / Industry List,200,2026-07-11T08:54:51.023505+00:00,26,4271,62
https://webapi.niftytrader.in/webapi/Symbol/stock-iv-data?symbol=finnifty&type=intraday&exchange=nse,NiftyTrader,fno,iv_data,Implied Volatility,200,2026-07-11T08:54:51.024036+00:00,152,9743,77
https://webapi.niftytrader.in/webapi/Symbol/stock-iv-data?symbol=midcpnifty&type=intraday&exchange=nse,NiftyTrader,fno,iv_data,Implied Volatility,200,2026-07-11T08:54:51.025073+00:00,152,9911,108
https://webapi.niftytrader.in/webapi/Symbol/stock-iv-data?symbol=finnifty&type=eod&exchange=nse,NiftyTrader,fno,iv_data,Implied Volatility,200,2026-07-11T08:54:51.026159+00:00,152,26651,93
https://webapi.niftytrader.in/webapi/Symbol/stock-iv-data?symbol=banknifty&type=eod&exchange=nse,NiftyTrader,fno,iv_data,Implied Volatility,200,2026-07-11T08:54:51.027762+00:00,152,27107,78
https://webapi.niftytrader.in/webapi/Symbol/stock-iv-data?symbol=midcpnifty&type=eod&exchange=nse,NiftyTrader,fno,iv_data,Implied Volatility,200,2026-07-11T08:54:51.117617+00:00,152,27414,140
https://webapi.niftytrader.in/webapi/Other/ai-news-pagination?category=India&pageNumber=1&pageSize=8,NiftyTrader,news,ai_news,AI-curated News,200,2026-07-11T08:54:51.127100+00:00,78,3870,93
https://api.moneycontrol.com/mcapi/v1/earnings/get-earnings-data?indexId=All&page=1&startDate=2026-06-26&endDate=2026-06-26&sector=&limit=18,Moneycontrol,earnings,result_calendar,Earnings Result Calendar,200,2026-07-11T08:54:51.128117+00:00,26,909,1031
https://webapi.niftytrader.in/webapi/Symbol/stock-iv-data?symbol=NIFTY&type=eod&exchange=nse,NiftyTrader,fno,iv_data,Implied Volatility,200,2026-07-11T08:54:51.128117+00:00,152,26010,93
https://webapi.niftytrader.in/webapi/Screener/industry-list,NiftyTrader,screener,groups,Screener Group / Industry List,200,2026-07-11T08:54:51.129215+00:00,32,3911,125
https://appfeeds.moneycontrol.com/jsonapi/fno/overview&format=json&inst_type=options&option_type=CE&id=NIFTY&ExpiryDate=,Moneycontrol,fno,options_data,Options Overview / Prices,200,2026-07-11T08:54:51.129215+00:00,275,169096,2015
https://webapi.niftytrader.in/webapi/Resource/derivative-summary-data,NiftyTrader,fno,derivative_summary,Derivative Market Summary,200,2026-07-11T08:54:51.135160+00:00,392,62359,531
https://appfeeds.moneycontrol.com/jsonapi/fno/overview&format=json&inst_type=options&option_type=PE&id=NIFTY&ExpiryDate=,Moneycontrol,fno,options_data,Options Overview / Prices,200,2026-07-11T08:54:51.140592+00:00,275,200128,2343
https://trendlyne.com/equity/chart/fundamental-profile/175/,Trendlyne,stock,fundamental_profile,Fundamental Profile Chart,200,2026-07-11T08:54:51.701184+00:00,2097,716897,4312
