timestamp,url,status,error_message
2026-06-29T12:41:40.333891,https://json.bselivefeeds.indiatimes.com/ET_Community/sectors?exchange=&callback=filterGetDataCBsectors,SUCCESS,
2026-06-29T12:41:40.333891,https://marketservices.indiatimes.com/marketservices/shareholding?companyid=11945,SUCCESS,
2026-06-29T12:41:40.333891,https://etmarketsapis.indiatimes.com/ET_TechnicalScreeners/topTrendingScreeners?exchangeId=50&pageNumber=1&pageSize=6&innerPageSize=3&_=1629471748880,SUCCESS,
2026-06-29T12:41:40.333891,https://json.bselivefeeds.indiatimes.com/ET_Community/indexsummary?sortby=value&sortorder=desc&pagesize=100&exchange=nse&callback=filterGetDataCBindex,SUCCESS,
2026-06-29T12:41:40.333891,https://json.bselivefeeds.indiatimes.com/ET_Community/industryListingController?pagesize=250&pid=256&pageno=1&exchange=NSE&callback=filterGetDataCBindustry,SUCCESS,
2026-06-29T12:41:40.333891,https://mfapps.indiatimes.com/Ulip/mfsInvestingInStock.htm?pagesize=25&sortby=numberOfSharesHeld&companyid=11984&marketcap=&callback=ajaxResponse&pageno=1,SUCCESS,
2026-06-29T12:41:40.333891,https://json.bselivefeeds.indiatimes.com/markets_nse.json,SUCCESS,
2026-06-29T12:41:40.333891,https://json.bselivefeeds.indiatimes.com/technicalscreener.json?_=1629471748879,SUCCESS,
2026-06-29T12:41:40.333891,https://mfapps.indiatimes.com/Ulip/mfsInvestingInStock.htm?pagesize=25&sortby=numberOfSharesHeld&companyid=11945&marketcap=&callback=ajaxResponse,SUCCESS,
2026-06-29T12:41:40.333891,https://json.bselivefeeds.indiatimes.com/markets_bse.json,SUCCESS,
2026-06-29T12:41:40.333891,https://json.bselivefeeds.indiatimes.com/ET_Community/sectors?exchange=&callback=filterGetDataCBsectors,SUCCESS,
2026-06-29T12:41:40.333891,https://economictimes.indiatimes.com/viewandrecofeed.cms?feedtype=sjson,SUCCESS,
2026-06-29T12:41:40.333891,https://etmarketsapis.indiatimes.com/ET_TechnicalScreeners/getFilteredData/LONG_WHITE_CANDLE,SUCCESS,
2026-06-29T12:41:40.333891,https://economictimes.indiatimes.com/feed_marketslisting.cms?feedtype=json&msid=1977021501&curpg=1&callback=breakingnews,SUCCESS,
2026-06-29T12:41:40.333891,https://mfapps.indiatimes.com/ET_Calculators/ssy/PennyStocks.htm?pagesize=25&sortby=weekPercentChange&sortorder=desc&marketcap=&callback=ajaxResponse&pageno=1,SUCCESS,
2026-06-29T12:41:40.333891,https://json.bselivefeeds.indiatimes.com/marketband.json,SUCCESS,
2026-06-29T12:41:40.333891,https://sas.indiatimes.com/TechnicalsClient/getRSI.htm?crossovertype=RSI_BETWEEN_70_AND_80&ctype=RSI&pagesize=25&exchange=50&exchangeid=50&pageno=1&sortby=volume&sortorder=desc&companyid=0&year=0&filtertype=0&ctype=RSI&marketcap=&callback=ajaxResponse,SUCCESS,
2026-06-29T12:41:40.333891,https://json.bselivefeeds.indiatimes.com/ET_Community/industryListingController?pagesize=250&pid=256&pageno=1&exchange=NSE&callback=filterGetDataCBindustry,SUCCESS,
2026-06-29T12:41:40.333891,https://json.bselivefeeds.indiatimes.com/ET_Community/companypagedata?companyid=8581&companytype=&callback=jQuery111305480691400445188_1617784921724&_=1617784921726,SUCCESS,
2026-06-29T12:41:40.333891,https://json.bselivefeeds.indiatimes.com/marketband_nifty.json,SUCCESS,
2026-06-29T12:41:40.333891,https://economictimes.indiatimes.com/feed_marketslisting.cms?feedtype=json&msid=1977021501&curpg=1&callback=breakingnews,SUCCESS,
2026-06-29T12:41:40.333891,https://json.bselivefeeds.indiatimes.com/ET_Community/bsensejson?companyid=16552&callback=etSpeedCompanyDataCB,SUCCESS,
2026-06-29T12:41:40.333891,https://etmarketsapis.indiatimes.com/ET_Stats/sectorperformance?pagesize=25&exchange=NSE&pageno=1&marketcap=,SUCCESS,
2026-06-29T12:41:40.333891,https://etmarketsapis.indiatimes.com/ET_TechnicalScreeners/topTrendingScreeners?exchangeId=50&pageNumber=1&pageSize=6&innerPageSize=3&_=1628067578746,SUCCESS,
2026-06-29T12:41:40.333891,https://etmarketsapis.indiatimes.com/ET_Stats/gainers?pagesize=25&marketcap=largecap%2Cmidcap%2Csmallcap&duration=1%20week&sort=7d&sortby=percentchange&sortorder=desc&pageno=1,SUCCESS,
2026-06-29T12:41:40.333891,https://etmarketsapis.indiatimes.com/ET_Stats/gainers?pagesize=25&marketcap=largecap&duration=1%20day&sort=intraday&sortby=percentchange&sortorder=desc,SUCCESS,
2026-06-29T12:41:40.333891,https://ticker.finology.in/GetShares.ashx?v=4.0&fincode=107685,SUCCESS,
2026-06-29T12:41:40.333891,https://ticker.finology.in/peers.ashx?fincode=107685&mode=S&peercount=10,SUCCESS,
2026-06-29T12:41:40.333891,https://ticker.finology.in/GetPrices.ashx?fincode=107685&scripcode=507685&symbol=WIPRO&stk=NSE&type=Y&count=1,SUCCESS,
2026-06-29T12:41:40.333891,https://ticker.finology.in/GetCompanybrief.ashx?fincode=107685,SUCCESS,
2026-06-29T12:41:40.333891,https://ticker.finology.in/GetVolume.ashx?fincode=107685&scripcode=507685&symbol=WIPRO&stk=BSE&type=Y&count=1,SUCCESS,
2026-06-29T12:41:40.333891,https://ticker.finology.in/News.ashx?fincode=107685,SUCCESS,
2026-06-29T12:41:40.333891,https://frapi.marketsmojo.com/market_marketaction/getData? --,SUCCESS,
2026-06-29T12:41:40.333891,https://ticker.finology.in/GetHouseMaster.ashx?housecode=322,SUCCESS,
2026-06-29T12:41:40.333891,https://ticker.finology.in/GetValuation.ashx?fincode=107685&exc=BSE&top=1&type=Y,SUCCESS,
2026-06-29T12:41:40.333891,https://frapi.marketsmojo.com/market_marketoverview/getData?,SUCCESS,
2026-06-29T12:41:40.333891,https://ticker.finology.in/GetCorpAction.ashx?fincode=107685,SUCCESS,
2026-06-29T12:41:40.333891,https://frapi.marketsmojo.com/market_marketoverview/getGraphData?indice=127&period=1D&,SUCCESS,
2026-06-29T12:41:40.333891,https://ticker.finology.in/GetPBChart.ashx?fincode=107685&exc=BSE&top=1&type=Yticker,SUCCESS,
2026-06-29T12:41:40.333891,https://frapi.marketsmojo.com/market_marketoverview/getGraphData?indice=1&period=1D&,SUCCESS,
2026-06-29T12:41:40.333891,https://frapi.marketsmojo.com/market_marketoverview/getGraphData?indice=2&period=1w&,SUCCESS,
2026-06-29T12:41:40.333891,https://frapi.marketsmojo.com/optimizer_Portfoliodignostic/getMojostocksHist?exchange=0&type=0&,SUCCESS,
2026-06-29T12:41:40.333891,https://frapi.marketsmojo.com/market_Gainersloser/getData?exchange=0&type=0&,SUCCESS,
2026-06-29T12:41:40.333891,https://frapi.marketsmojo.com/market_Gainersloser/getData?exchange=0&type=1&,SUCCESS,
2026-06-29T12:41:40.333891,https://frapi.marketsmojo.com/market_events/getData?,SUCCESS,
2026-06-29T12:41:40.333891,https://www.marketsmojo.com/portfolio-plus/stickeyheader,SUCCESS,
2026-06-29T12:41:40.333891,https://frapi.marketsmojo.com/market_resultscorner/getStockResult?sort=res_dt_ltst&,SUCCESS,
2026-06-29T12:41:40.333891,https://frapi.marketsmojo.com/market_Gainersloser/getData?exchange=0&type=0&,SUCCESS,
2026-06-29T12:41:40.333891,https://frapi.marketsmojo.com/market_resultscorner/getStockResult?sort=score&,SUCCESS,
2026-06-29T12:41:40.333891,https://frapi.marketsmojo.com/screener/search,SUCCESS,
2026-06-29T12:41:40.333891,https://frapi.marketsmojo.com/market_resultscorner/getStockResult?sort=res_dt_upcmg&,SUCCESS,
2026-06-29T12:41:40.333891,"https://frapi.marketsmojo.com/apiv1/markets/indices?index_ids=1,2,3,4,10,213,215,23,27,45,61,62,202,203,204,205,206,208,210,123,125,128,129,130,131,145,150,154,159,164,166,5,6,7,8,9,11,12,14,15,16,17,21,22,35,36,37,40,41,42,43,124,127,134,136,137,138,139,141,142,143,146,147,148,149,151,152,153,162",SUCCESS,
2026-06-29T12:41:40.333891,https://frapi.trading80.com/callsapi/getChart/,SUCCESS,
2026-06-29T12:41:40.333891,https://frapi.marketsmojo.com/stocks_quality/vcardinfo?sid=984165,SUCCESS,
2026-06-29T12:41:40.333891,https://frapi.trading80.com/callsapi/getCallAlerts?w=yes,SUCCESS,
2026-06-29T12:41:40.333891,https://frapi.marketsmojo.com/stocks_Stocksid/returnContri_info?se=&cardlist=&period=&alphabet=&sid=363433&stockID=363433&exchange=0&,SUCCESS,
2026-06-29T12:41:40.333891,https://frapi.marketsmojo.com/Stocks_Thingsknow/thingsknow?sid=363433&exchange=0,SUCCESS,
2026-06-29T12:41:40.333891,https://frapi.trading80.com/stocks_stocksid/header_info?sid=640544&exchange=0,SUCCESS,
2026-06-29T12:41:40.333891,https://frapi.trading80.com/stocks_stocksid/header_info?sid=640544&exchange=0,SUCCESS,
2026-06-29T12:41:40.333891,https://webapi.niftytrader.in/webapi/symbol/top-gainers-data?fno_stock=false,SUCCESS,
2026-06-29T12:41:40.333891,https://frapi.marketsmojo.com/stocks_stocksid/header_info?sid=363433&exchange=0,SUCCESS,
2026-06-29T12:41:40.333891,https://webapi.niftytrader.in/webapi/Live/getIndusrtyTabData?symbol=alokinds,SUCCESS,
2026-06-29T12:41:40.333891,https://api.stockedge.com/Api/AlertsApi/GetSavedAlertsByType/3001/2021/03/26?relevantListings=10&page=1&pageSize=10&lang=en,SUCCESS,
2026-06-29T12:41:40.333891,https://api.stockedge.com/Api/SecurityDashboardApi/GetTechnicalIndicators/229?lang=en,SUCCESS,
2026-06-29T12:41:40.333891,https://api.stockedge.com/Api/ExchangeDashboardApi/GetExchanges?lang=en,SUCCESS,
2026-06-29T12:41:40.333891,https://api.stockedge.com/Api/DailyDashboardApi/GetPriceChangePeriodTypes?lang=en,SUCCESS,
2026-06-29T12:41:40.333891,https://api.stockedge.com/Api/MetaDetailDashboardApi/GetMetaDetailByPageName?PageName=equities&lang=en,SUCCESS,
2026-06-29T12:41:40.333891,https://api.stockedge.com/Api/AlertsApi/GetSavedAlertsByType/2017/2021/03/30?relevantListings=10&page=1&pageSize=10&lang=en,SUCCESS,
2026-06-29T12:41:40.333891,https://api.stockedge.com/Api/WidgetsApi/GetHighDeliveryQuantityStocks?lang=en,SUCCESS,
2026-06-29T12:41:40.333891,https://www.marketsmojo.com/portfolio-plus/stickeyheader?cid=undefined,SUCCESS,
2026-06-29T12:41:40.333891,"https://frapi.marketsmojo.com/apiv1/markets/indices?index_ids=1,213,215,4,123,128,145,129,14,5,15,37,501,23853,502,503,510,517,516,522,506,507,508,523,518,519,521,520,509,524,526,527,529,525,531,532,533,528,530,505,504,534,535,536,537,539,540,538,541,542,544,545,543,547,548,549,550,546,515,512,511,513,551,2001,514",SUCCESS,
2026-06-29T12:41:40.333891,https://api.moneycontrol.com/mcapi/v1/fno/futures/getFuturesData?fut=FUTSTK&id=BE03&expirydate='2025-10-28,SUCCESS,
2026-06-29T12:41:40.333891,https://priceapi.moneycontrol.com/pricefeed/nse/equitycash/BE03,SUCCESS,
2026-06-29T12:41:40.333891,https://api.moneycontrol.com/mcapi/v1/fno/options/getStrikePrice?id=BE03&expirydate=2025-09-30&optiontype=CE,SUCCESS,
2026-06-29T12:41:40.333891,https://api.moneycontrol.com/mcapi/v1/stock/price-volume?scId=BE03&ex=&appVersion=175,SUCCESS,
2026-06-29T12:41:40.333891,https://www.moneycontrol.com/mc/widget/historicalrating/ratingPro?classic=true&type=gson&sc_did=BE03&period=D&dur=6m,SUCCESS,
2026-06-29T12:41:40.333891,https://www.moneycontrol.com/stocks/company_info/get_vwap_chart_data.php?classic=true&sc_did=BE03,SUCCESS,
2026-06-29T12:41:40.333891,https://api.moneycontrol.com/mcapi/v1/fno/futures/getExpDts?id=BE03,SUCCESS,
2026-06-29T12:41:40.333891,https://www.moneycontrol.com/mc/widget/historicalrating/ratingPro?classic=true&type=gson&sc_did=BE03&period=W&dur=6m,SUCCESS,
2026-06-29T12:41:40.333891,https://api.moneycontrol.com/mcapi/v1/stock/financial-historical/overview?scId=BE03&ex=N,SUCCESS,
2026-06-29T12:41:40.333891,https://api.moneycontrol.com/mcapi/v1/stock/estimates/analyst-rating?deviceType=W&scId=BE03&ex=N,SUCCESS,
2026-06-29T12:41:40.333891,https://api.moneycontrol.com/mcapi/v1/stock/estimates/price-forecast?scId=BE03&ex=N&deviceType=W,SUCCESS,
2026-06-29T12:41:40.333891,"https://www.trading80.com/technical_card/getCardInfo?sid=640544&se=bse&cardlist=sectPrice_techScore,sectPrice_indiScale,sectIndigraph_graph,sectMacd_macd_w,sectMacd_macd_m,sectRsi_rsi_w,sectRsi_rsi_m,sectBb_bb_w,sectBb_bb_m,sectMa_ma_w,sectKst_kst_w,sectKst_kst_m,sectDow_dow_w,sectDow_dow_m,sectObv_obv_w,sectObv_obv_m",SUCCESS,
2026-06-29T12:41:40.333891,https://api.moneycontrol.com/mcapi/v1/stock/estimates/valuation?deviceType=W&scId=BE03&ex=N&financialType=C,SUCCESS,
2026-06-29T12:41:40.333891,https://api.moneycontrol.com/mcapi/v1/stock/estimates/earning-forecast?scId=BE03&ex=N&deviceType=W&frequency=12&financialType=C,SUCCESS,
2026-06-29T12:41:40.333891,https://api.moneycontrol.com/mcapi/v1/stock/estimates/consensus?scId=BE03&ex=N&deviceType=W,SUCCESS,
2026-06-29T12:41:40.333891,https://api.moneycontrol.com/mcapi/v1/indices/get-indices-list?appVersion=136,SUCCESS,
2026-06-29T12:41:40.333891,https://api.moneycontrol.com/mcapi/v1/indices/get-indices-list,SUCCESS,
2026-06-29T12:41:40.333891,https://api.moneycontrol.com/mcapi/v1/stock/estimates/hits-misses?deviceType=W&scId=BE03&ex=N&type=eps&financialType=C,SUCCESS,
2026-06-29T12:41:40.333891,https://api.moneycontrol.com/mcapi/v1/market/seasonality-analysis/get-best-month-stocks?ex=N&id=7&month=09&year=2025&tab=bus&limit=5,SUCCESS,
2026-06-29T12:41:40.333891,https://api.moneycontrol.com/mcapi/v1/indices/get-indian-indices,SUCCESS,
2026-06-29T12:41:40.333891,https://api.moneycontrol.com/mcapi/v1/indices/get-indices-details?indexId=4,SUCCESS,
2026-06-29T12:41:40.333891,https://api.moneycontrol.com/mcapi/v1/marketinfo/getMarketInfo?ex=N&criteria=marketcap&limit=5000,SUCCESS,
2026-06-29T12:41:40.333891,https://api.moneycontrol.com/mcapi/extdata/v2/mc-insights?scId=BE03&type=c&deviceType=W&appVersion=185,SUCCESS,
2026-06-29T12:41:40.333891,https://api.moneycontrol.com/mcapi/v1/indices/chart/exchange-advdec?ex=N,SUCCESS,
2026-06-29T12:41:40.333891,https://api.moneycontrol.com/mcapi/v1/earnings/price-shockers?limit=8&page=1,SUCCESS,
2026-06-29T12:41:40.333891,https://api.moneycontrol.com/mcapi/technicals/v2/details?scId=BE03&dur=D&deviceType=W,SUCCESS,
2026-06-29T12:41:40.333891,https://api.moneycontrol.com/mcapi/extdata/v2/mc-essentials?scId=BE03&type=ed&deviceType=W,SUCCESS,
2026-06-29T12:41:40.333891,https://api.moneycontrol.com/mcapi/v1/earnings/inc-widget?indexId=all,SUCCESS,
2026-06-29T12:41:40.333891,https://api.moneycontrol.com/mcapi/v1/premarket/getBrokerResearchReco?sublevel=stocks&start=0&limit=6,SUCCESS,
2026-06-29T12:41:40.333891,https://api.moneycontrol.com/mcapi/v1/earnings/rapid-results?limit=9&page=1&type=LR&subType=yoy,SUCCESS,
2026-06-29T12:41:40.333891,https://api.moneycontrol.com/mcapi/v1/earnings/actual-estimate?page=1&limit=6,SUCCESS,
2026-06-29T12:41:40.333891,https://api.moneycontrol.com/mcapi/v1/earnings/result-dashboard,SUCCESS,
2026-06-29T12:41:40.333891,https://api.moneycontrol.com/mcapi/v1/earnings/rapid-results?limit=21&page=1&type=BP&subType=yoy&category=all&sortBy=growth&indexId=N&sector=&search=&seq=desc,SUCCESS,
2026-06-29T12:41:40.333891,https://api.moneycontrol.com/mcapi/v1/earnings/result-calendar?indexId=All&fromDate=2025-09-16&toDate=2025-09-21&sector=,SUCCESS,
2026-06-29T12:41:40.333891,https://api.moneycontrol.com/mcapi/v1/earnings/rapid-results?limit=21&page=1&type=BP&subType=qoq&category=all&sortBy=growth&indexId=N&sector=&search=&seq=desc,SUCCESS,
2026-06-29T12:41:40.333891,https://www.moneycontrol.com/newsapi/mc_news.php?query=tags_slug%3A(%22results%22+%22result-poll%22+%22brokerage-results-estimates%22+%22result-analysis%22)&start=0&limit=8&sortby=creation_date&sortorder=desc,SUCCESS,
2026-06-29T12:41:40.333891,https://www.moneycontrol.com/newsapi/mc_news.php?query=tags_slug%3A(%22results%22+%22result-poll%22+%22brokerage-results-estimates%22+%22result-analysis%22)&start=0&limit=8&sortby=creation_date&sortorder=desc,SUCCESS,
2026-06-29T12:41:40.333891,https://api.moneycontrol.com/mcapi/v1/earnings/rapid-results?limit=21&page=1&type=WP&subType=qoq&category=all&sortBy=growth&indexId=N&sector=&search=&seq=asc,SUCCESS,
2026-06-29T12:41:40.333891,https://api.moneycontrol.com/mcapi/v1/technical-trends/uptrend/turning-bullish?ex=N&index=7&page=1&order=desc&deviceType=W&sort=changeDate&appVersion=142,SUCCESS,
2026-06-29T12:41:40.333891,https://api.moneycontrol.com/mcapi/v1/earnings/rapid-results?limit=21&page=1&type=NT&subType=qoq&category=all&sortBy=growth&indexId=N&sector=&search=&seq=asc,SUCCESS,
2026-06-29T12:41:40.333891,https://api.moneycontrol.com/mcapi/v1/earnings/get-earnings-data?indexId=All&page=1&startDate=2025-09-16&endDate=2025-09-16&sector=&limit=18,SUCCESS,
2026-06-29T12:41:40.333891,https://api.moneycontrol.com/mcapi/v1/deals/insight?start=0&limit=3&value=value&range=1W&action=buy,SUCCESS,
2026-06-29T12:41:40.333891,https://api.moneycontrol.com/mcapi/v1/technical-trends/downtrend/turning-bearish?ex=N&index=7&page=1&order=desc&deviceType=W&sort=changeDate&appVersion=142,SUCCESS,
2026-06-29T12:41:40.333891,https://api.moneycontrol.com/mcapi/v1/technical-trends/downtrend/bearish?ex=N&index=7&page=1&order=asc&deviceType=W&sort=performance&appVersion=142,SUCCESS,
2026-06-29T12:41:40.333891,https://api.moneycontrol.com/mcapi/v1/technical-trends/uptrend/bullish?ex=N&index=7&page=1&order=desc&deviceType=W&sort=performance&appVersion=142,SUCCESS,
2026-06-29T12:41:40.333891,https://api.moneycontrol.com/mcapi/v1/earnings/rapid-results?limit=21&page=1&type=PT&subType=qoq&category=all&sortBy=growth&indexId=N&sector=&search=&seq=desc,SUCCESS,
2026-06-29T12:41:40.333891,https://api.moneycontrol.com/mcapi/v1/deals/insight?start=0&limit=9&value=value&range=1W&action=buy&dealsType=topDeal,SUCCESS,
2026-06-29T12:41:40.333891,https://api.moneycontrol.com/mcapi/v1/deals/insight?start=0&limit=9&value=value&range=1W&action=buy&dealsType=topInvestor,SUCCESS,
2026-06-29T12:41:40.333891,https://api.moneycontrol.com/mcapi/v1/deals/insight?start=0&limit=9&value=value&range=1W&action=buy&dealsType=topInsider,SUCCESS,
2026-06-29T12:41:40.333891,https://api.moneycontrol.com/mcapi/v1/deals/list?start=0&limit=24&orderBy=dealsValue&sortBy=DESC&dealType=topStock&deviceType=W&apiVersion=177,SUCCESS,
2026-06-29T12:41:40.333891,https://api.moneycontrol.com/mcapi/v1/deals/list?start=0&limit=24&orderBy=deal_date&sortBy=DESC&deviceType=W,SUCCESS,
2026-06-29T12:41:40.333891,https://api.moneycontrol.com/mcapi/v1/deals/list?start=0&limit=24&orderBy=deal_date&sortBy=DESC&dealType=large&deviceType=W&apiVersion=177,SUCCESS,
2026-06-29T12:41:40.333891,https://api.moneycontrol.com/mcapi/v1/deals/list?start=0&limit=24&orderBy=dealsValue&sortBy=DESC&dealType=topStockSectorWise&deviceType=W&apiVersion=177,SUCCESS,
2026-06-29T12:41:40.333891,https://api.moneycontrol.com/mcapi/v1/premarket/getFllActivityData?type=cash,SUCCESS,
2026-06-29T12:41:40.333891,https://api.moneycontrol.com/mcapi/v1/deals/get-stock-news,SUCCESS,
2026-06-29T12:41:40.333891,https://quotes-api.tickertape.in/quotes?sids=JKIN,SUCCESS,
2026-06-29T12:41:40.333891,https://api.moneycontrol.com/mcapi/v1/deals/largedeals-insight?start=0&limit=3&orderBy=dealsValue&deviceType=W,SUCCESS,
2026-06-29T12:41:40.333891,https://api.tickertape.in/stocks/info/JKIN,SUCCESS,
2026-06-29T12:41:40.333891,https://api.tickertape.in/mmi/now,SUCCESS,
2026-06-29T12:41:40.333891,https://api.tickertape.in/stocks/reco/JKIN,SUCCESS,
2026-06-29T12:41:40.333891,https://analyze.api.tickertape.in/stocks/scorecard/JKIN,SUCCESS,
2026-06-29T12:41:40.333891,https://api.tickertape.in/stocks/charts/intra/JKIN,SUCCESS,
2026-06-29T12:41:40.333891,https://api.tickertape.in/stocks/summary/JITF,SUCCESS,
2026-06-29T12:41:40.333891,https://api.moneycontrol.com/mcapi/v1/stock/corporate-action?deviceType=W&scId=WSL&section=an&start=0&limit=4&appVersion=161,SUCCESS,
2026-06-29T12:41:40.333891,https://appfeeds.moneycontrol.com/jsonapi/stocks/yearly_results_responsive?sc_id=WSL&type_format=yearly&start=0&limit=40,SUCCESS,
2026-06-29T12:41:40.333891,https://appfeeds.moneycontrol.com/jsonapi/stocks/quarterly_results_responsive?sc_id=WSL&type_format=quarterly&start=0&limit=40,SUCCESS,
2026-06-29T12:41:40.333891,https://api.tickertape.in/mmi/now,SUCCESS,
2026-06-29T12:41:40.333891,https://quotes-api.tickertape.in/quotes?sids=JKIN,SUCCESS,
2026-06-29T12:41:40.333891,https://api.tickertape.in/stocks/info/JKIN,SUCCESS,
2026-06-29T12:41:40.333891,https://analyze.api.tickertape.in/stocks/scorecard/JKIN,SUCCESS,
2026-06-29T12:41:40.333891,https://api.tickertape.in/stocks/reco/JKIN,SUCCESS,
2026-06-29T12:41:40.333891,https://api.tickertape.in/stocks/charts/intra/JKIN,SUCCESS,
2026-06-29T12:41:40.333891,https://www.tickertape.in/market-mood-index,SUCCESS,
2026-06-29T12:41:40.333891,https://www.tickertape.in/market-mood-index,SUCCESS,
2026-06-29T12:41:40.333891,https://priceapi.moneycontrol.com/techCharts/indianMarket/stock/history?symbol=INFY&resolution=1D&from=1781207470&to=1782071470&countback=2&currencyCode=INR,SUCCESS,
2026-06-29T12:41:40.333891,https://api.tickertape.in/stocks/summary/JITF,SUCCESS,
2026-06-29T12:41:40.333891,https://www.moneycontrol.com/newsapi/mc_news.php?query=categories_slug:%22business%22+AND+sub_category_slug:%22earnings%22+AND+related_scid:%22WSL%22&start=0&limit=8,SUCCESS,
2026-06-29T12:41:40.333891,https://priceapi.moneycontrol.com/techCharts/indianMarket/stock/history?symbol=INFY&resolution=1D&from=1781207490&to=1782071490&countback=2&currencyCode=INR,SUCCESS,
2026-06-29T12:41:40.333891,https://priceapi.moneycontrol.com/techCharts/indianMarket/stock/history?symbol=INFY&resolution=15&from=1780540947&to=1782071556&countback=329&currencyCode=INR,SUCCESS,
2026-06-29T12:41:40.333891,https://priceapi.moneycontrol.com/techCharts/indianMarket/stock/history?symbol=INFY&resolution=1&from=1781843916&to=1781844138&countback=1&currencyCode=INR,SUCCESS,
2026-06-29T12:41:40.333891,https://priceapi.moneycontrol.com/techCharts/indianMarket/stock/history?symbol=INFY&resolution=3&from=1782069910&to=1782071710&countback=2&currencyCode=INR,SUCCESS,
2026-06-29T12:41:40.333891,https://priceapi.moneycontrol.com/techCharts/indianMarket/stock/history?symbol=INFY&resolution=3&from=1782069930&to=1782071730&countback=2&currencyCode=INR,SUCCESS,
2026-06-29T12:41:40.333891,https://priceapi.moneycontrol.com/techCharts/indianMarket/stock/history?symbol=INFY&resolution=30&from=1779205980&to=1782071802&countback=308&currencyCode=INR,SUCCESS,
2026-06-29T12:41:40.333891,https://priceapi.moneycontrol.com/techCharts/indianMarket/stock/history?symbol=INFY&resolution=1&from=1781844138&to=1781844360&countback=1&currencyCode=INR,SUCCESS,
2026-06-29T12:41:40.333891,https://priceapi.moneycontrol.com/techCharts/indianMarket/stock/history?symbol=INFY&resolution=1&from=1781844138&to=1781844360&countback=1&currencyCode=INR,SUCCESS,
2026-06-29T12:41:40.333891,https://priceapi.moneycontrol.com/techCharts/indianMarket/stock/history?symbol=INFY&resolution=60&from=1776730967&to=1782071816&countback=287&currencyCode=INR,SUCCESS,
2026-06-29T12:41:40.333891,https://priceapi.moneycontrol.com/techCharts/indianMarket/stock/marks?symbol=INFY&from=1741145400&to=2114361000&resolution=1D,SUCCESS,
2026-06-29T12:41:40.333891,https://priceapi.moneycontrol.com/techCharts/indianMarket/stock/history?symbol=INFY&resolution=1D&from=1754870400&to=1782086400&countback=225&currencyCode=INR,SUCCESS,
2026-06-29T12:41:40.333891,https://priceapi.moneycontrol.com/techCharts/indianMarket/stock/history?symbol=INFY&resolution=1D&from=1781207910&to=1782071910&countback=2&currencyCode=INR,SUCCESS,
2026-06-29T12:41:40.333891,https://api.moneycontrol.com/mcapi/v1/stock/price-volume?scId=IT&ex=&appVersion=175,SUCCESS,
2026-06-29T12:41:40.333891,https://priceapi.moneycontrol.com/techCharts/indianMarket/stock/history?symbol=INFY&resolution=1D&from=1589846400&to=1753142400&countback=1350&currencyCode=INR,SUCCESS,
2026-06-29T12:41:40.333891,https://api.moneycontrol.com/mcapi/extdata/v2/mc-essentials?scId=IT&type=ed&deviceType=W,SUCCESS,
2026-06-29T12:41:40.333891,https://api.moneycontrol.com/mcapi/technicals/v2/details?scId=IT&dur=D&deviceType=W,SUCCESS,
2026-06-29T12:41:40.333891,https://api.moneycontrol.com/mcapi/v1/stock/price-volume?scId=IT&ex=&appVersion=175,SUCCESS,
2026-06-29T12:41:40.333891,https://api.moneycontrol.com/mcapi/extdata/v2/mc-insights?scId=IT&type=c&deviceType=W&appVersion=185,SUCCESS,
2026-06-29T12:41:40.333891,https://priceapi.moneycontrol.com/techCharts/indianMarket/stock/history?symbol=INFY&resolution=1D&from=1781207970&to=1782071970&countback=2&currencyCode=INR,SUCCESS,
2026-06-29T12:41:40.333891,https://api.moneycontrol.com/mcapi/technicalpicks/chart-patterns?deviceType=W&version=174&start=0&limit=12&pattern_type=all&sc_id=IT,SUCCESS,
2026-06-29T12:41:40.333891,https://priceapi.moneycontrol.com/pricefeed/bse/equitycash/IT,SUCCESS,
2026-06-29T12:41:40.333891,https://api.moneycontrol.com/mcapi/v1/stock/estimates/hits-misses?deviceType=W&scId=IT&ex=N&type=eps&financialType=C,SUCCESS,
2026-06-29T12:41:40.333891,https://api.moneycontrol.com/mcapi/v1/stock/estimates/analyst-rating?deviceType=W&scId=IT&ex=N,SUCCESS,
2026-06-29T12:41:40.333891,https://api.moneycontrol.com/mcapi/v1/stock/estimates/consensus?scId=IT&ex=N&deviceType=W,SUCCESS,
2026-06-29T12:41:40.333891,https://api.moneycontrol.com/mcapi/v1/stock/estimates/valuation?deviceType=W&scId=IT&ex=N&financialType=C&appVersion=190,SUCCESS,
2026-06-29T12:41:40.333891,https://api.moneycontrol.com/mcapi/v1/fno/options/getExpDts?id=IT,SUCCESS,
2026-06-29T12:41:40.333891,https://www.moneycontrol.com/mc/widget/stockdetails/getChartInfo?classic=true&scId=IT&type=N,SUCCESS,
2026-06-29T12:41:40.333891,https://api.moneycontrol.com/mcapi/v1/stock/financial-historical/overview?scId=IT&ex=N,SUCCESS,
2026-06-29T12:41:40.333891,https://api.moneycontrol.com/mcapi/v1/stock/estimates/earning-forecast?scId=IT&ex=N&deviceType=W&frequency=12&financialType=C,SUCCESS,
2026-06-29T12:41:40.333891,https://api.moneycontrol.com/mcapi/v1/stock/estimates/price-forecast?scId=IT&ex=N&deviceType=W,SUCCESS,
2026-06-29T12:41:40.333891,https://api.moneycontrol.com/mcapi/v1/stock/financial-historical/overview?scId=IT&ex=N,SUCCESS,
2026-06-29T12:41:40.333891,https://api.moneycontrol.com/mcapi/v1/indices/get-indices-list,SUCCESS,
2026-06-29T12:41:40.333891,https://api.moneycontrol.com/mcapi/v1/market/seasonality-analysis/get-best-month-stocks?ex=N&id=7&month=06&year=2026&tab=bus&limit=5,SUCCESS,
2026-06-29T12:41:40.333891,https://www.moneycontrol.com/stocks/company_info/get_vwap_chart_data.php?classic=true&sc_did=IT,SUCCESS,
2026-06-29T12:41:40.333891,https://api.moneycontrol.com/mcapi/technicals/v2/details?scId=IT&dur=D&deviceType=W,SUCCESS,
2026-06-29T12:41:40.333891,https://api.moneycontrol.com/mcapi/v1/market/seasonality-analysis/get-best-month-stocks?ex=N&id=7&month=06&year=2026&tab=bes&limit=5,SUCCESS,
2026-06-29T12:41:40.333891,https://api.moneycontrol.com/mcapi/v1/market/seasonality-analysis/search?ex=N&text=Infosys,SUCCESS,
2026-06-29T12:41:40.333891,https://api.moneycontrol.com/mcapi/v1/market/seasonality-analysis/get-best-month-stocks?ex=N&id=7&month=06&year=2026&tab=hps&limit=5&trend=bullish,SUCCESS,
2026-06-29T12:41:40.333891,https://api.moneycontrol.com/mcapi/v1/market/seasonality-analysis/get-best-month-stocks?ex=N&id=7&month=06&year=2026&tab=hps&limit=5&trend=bearish,SUCCESS,
2026-06-29T12:41:40.333891,https://trendlyne.com/futures-options/api-filter/futures/30-sep-2021-next/contract_gainers/,SUCCESS,
2026-06-29T12:41:40.333891,https://trendlyne.com/futures-options/api-filter/futures/30-sep-2021-next/oi_gainers/,SUCCESS,
2026-06-29T12:41:40.333891,https://trendlyne.com/futures-options/api-filter/futures/30-sep-2021-next/price_gainers/,SUCCESS,
2026-06-29T12:41:40.333891,https://trendlyne.com/futures-options/api-filter/futures/30-sep-2021-next/most_active_contract/,SUCCESS,
2026-06-29T12:41:40.333891,https://trendlyne.com/futures-options/api-filter/futures/30-sep-2021-next/most_active_value/,SUCCESS,
2026-06-29T12:41:40.333891,https://trendlyne.com/futures-options/api-filter/options/30-sep-2021-near/oi_gainers_call/all/,SUCCESS,
2026-06-29T12:41:40.333891,https://trendlyne.com/futures-options/api-filter/futures/30-sep-2021-next/premium/,SUCCESS,
2026-06-29T12:41:40.333891,https://trendlyne.com/fundamentals/json-screener/79795/5/0/index/NIFTY500/nifty-500/,SUCCESS,
2026-06-29T12:41:40.333891,https://trendlyne.com/futures-options/api-filter/futures/30-sep-2021-next/discount/,SUCCESS,
2026-06-29T12:41:40.333891,https://trendlyne.com/futures-options/api-filter/futures/30-sep-2021-next/oi_losers/,SUCCESS,
2026-06-29T12:41:40.333891,https://trendlyne.com/fundamentals/json-screener/79796/5/0/index/NIFTY500/nifty-500/,SUCCESS,
2026-06-29T12:41:40.333891,https://trendlyne.com/fundamentals/json-screener/79811/5/0/index/NIFTY500/nifty-500/,SUCCESS,
2026-06-29T12:41:40.333891,https://trendlyne.com/fundamentals/json-screener/79810/5/0/index/NIFTY500/nifty-500/--Relative Underperformance versus Nifty500 over the Week,SUCCESS,
2026-06-29T12:41:40.333891,https://trendlyne.com/fundamentals/tl-all-in-one-screener-data-get/?screenpk=19814&perPageCount=25&groupType=index&groupName=NIFTY500&groupSlug=nifty-500,SUCCESS,
2026-06-29T12:41:40.333891,https://trendlyne.com/fundamentals/tl-all-in-one-screener-data-get/?perPageCount=25&columns=ten_year_high%2CcurrentPrice%2CMCAP_Q%2Cday_changeP%2CchangeP_10yr%2Cvol_day&groupType=index&groupName=NIFTY500&sortBy=day_changeP&order=DESC&query=day_high%20%3E%3D%20ten_year_high,SUCCESS,
2026-06-29T12:41:40.333891,https://trendlyne.com/futures-options/api-filter/options/30-sep-2021-next/oi_gainers_put/all/,SUCCESS,
2026-06-29T12:41:40.333891,https://trendlyne.com/fundamentals/tl-all-in-one-screener-data-get/?screenpk=515760&perPageCount=25&groupType=all&groupName=all,SUCCESS,
2026-06-29T12:41:40.333891,https://trendlyne.com/fundamentals/all-in-one-screener-data-get/?perPageCount=25&pageNumber=0&query=FIIPCT1Q+%3E+1&columns=FIIPCT1Q%2Csholding_date%2CcurrentPrice%2Cday_changeP%2Cmonth_changeP%2CPROMPCT%2CPROMPCT1Q%2CPROMPLEDGE%2CFIIHOLD&groupType=all&groupName=&sortBy=FIIPCT1Q&order=DESC,SUCCESS,
2026-06-29T12:41:40.333891,https://trendlyne.com/fundamentals/all-in-one-screener-data-get/?perPageCount=25&pageNumber=0&query=vol_day+%3E%3D+1.5+*+vol_week&columns=vol_day%2Cvol_week%2CcurrentPrice%2Cday_changeP%2Cvol_1m%2Cvol_3m%2Cvol_6m&groupType=all&groupName=&sortBy=vol_day&order=DESC,SUCCESS,
2026-06-29T12:41:40.333891,https://trendlyne.com/fundamentals/all-in-one-screener-data-get/?perPageCount=25&pageNumber=0&query=vol_day+%3E%3D+2+*+vol_week&columns=vol_day%2Cvol_week%2CcurrentPrice%2Cday_changeP%2Cvol_1m%2Cvol_3m%2Cvol_6m&groupType=all&groupName=&sortBy=vol_day&order=DESC,SUCCESS,
2026-06-29T12:41:40.333891,https://trendlyne.com/fundamentals/tl-all-in-one-screener-data-get/?screenpk=79799&perPageCount=25&groupType=all&groupName=all,SUCCESS,
2026-06-29T12:41:40.333891,https://trendlyne.com/fundamentals/tl-all-in-one-screener-data-get/?screenpk=79797&perPageCount=25&groupType=all&groupName=all,SUCCESS,
2026-06-29T12:41:40.333891,https://trendlyne.com/mutual-fund/getMFhome/?category=Multi+%26+Flexi-Cap,SUCCESS,
2026-06-29T12:41:40.333891,https://trendlyne.com/mutual-fund/getMFhome/?category=ELSS,SUCCESS,
2026-06-29T12:41:40.333891,https://trendlyne.com/fundamentals/all-in-one-screener-data-get/?perPageCount=25&pageNumber=0&query=week_changeP+%3E+nifty50_dayChangeP&columns=week_changeP%2Cnifty50_dayChangeP%2CcurrentPrice%2Crelp_nifty50_monthChangeP%2Crelp_nifty50_qtrChangeP%2Crelp_nifty50_yearChangeP%2Crelp_nifty50_2yearChangeP%2Crelp_nifty50_5yearChangeP%2Cmonth_changeP&groupType=all&groupName=&sortBy=week_changeP&order=DESC,SUCCESS,
2026-06-29T12:41:40.333891,https://trendlyne.com/fundamentals/json-screener/17096/5/0/index/NIFTY500/nifty-500/,SUCCESS,
2026-06-29T12:41:40.333891,https://trendlyne.com/fundamentals/json-screener/17098/5/0/index/NIFTY500/nifty-500/,SUCCESS,
2026-06-29T12:41:40.333891,https://trendlyne.com/fundamentals/json-screener/17110/5/0/index/NIFTY500/nifty-500/,SUCCESS,
2026-06-29T12:41:40.333891,https://trendlyne.com/fundamentals/json-screener/17109/5/0/index/NIFTY500/nifty-500/,SUCCESS,
2026-06-29T12:41:40.333891,https://trendlyne.com/fundamentals/json-screener/79791/5/0/index/NIFTY500/nifty-500/,SUCCESS,
2026-06-29T12:41:40.333891,https://trendlyne.com/fundamentals/json-screener/79790/5/0/index/NIFTY500/nifty-500/,SUCCESS,
2026-06-29T12:41:40.333891,https://trendlyne.com/fundamentals/json-screener/79792/5/0/index/NIFTY500/nifty-500/,SUCCESS,
2026-06-29T12:41:40.333891,https://trendlyne.com/futures-options/api/heatmap/2-sep-2021-next/long/price/---explore more options,SUCCESS,
2026-06-29T12:41:40.333891,https://trendlyne.com/fundamentals/json-screener/79794/5/0/index/NIFTY500/nifty-500/,SUCCESS,
2026-06-29T12:41:40.333891,https://trendlyne.com/futures-options/api/heatmap/30-sep-2021-near/all/price/--Heatmap,SUCCESS,
2026-06-29T12:41:40.333891,https://trendlyne.com/fundamentals/json-screener/79801/5/0/index/NIFTY500/nifty-500/,SUCCESS,
2026-06-29T12:41:40.333891,https://trendlyne.com/fundamentals/json-screener/79800/5/0/index/NIFTY500/nifty-500/,SUCCESS,
2026-06-29T12:41:40.333891,https://trendlyne.com/fundamentals/json-screener/79802/5/0/index/NIFTY500/nifty-500/,SUCCESS,
2026-06-29T12:41:40.333891,https://trendlyne.com/fundamentals/json-screener/79803/5/0/index/NIFTY500/nifty-500/,SUCCESS,
2026-06-29T12:41:40.333891,https://trendlyne.com/fundamentals/json-screener/79793/5/0/index/NIFTY500/nifty-500/,SUCCESS,
2026-06-29T12:41:40.333891,https://trendlyne.com/fundamentals/json-screener/79806/5/0/index/NIFTY500/nifty-500/,SUCCESS,
2026-06-29T12:41:40.333891,https://trendlyne.com/fundamentals/json-screener/79808/5/0/index/NIFTY500/nifty-500/,SUCCESS,
2026-06-29T12:41:40.333891,https://trendlyne.com/fundamentals/json-screener/17097/5/0/index/NIFTY500/nifty-500/,SUCCESS,
2026-06-29T12:41:40.333891,https://trendlyne.com/fundamentals/json-screener/17100/5/0/index/NIFTY500/nifty-500/,SUCCESS,
2026-06-29T12:41:40.333891,https://trendlyne.com/fundamentals/json-screener/17099/5/0/index/NIFTY500/nifty-500/,SUCCESS,
2026-06-29T12:41:40.333891,https://trendlyne.com/fundamentals/json-screener/20014/5/0/index/NIFTY500/nifty-500/,SUCCESS,
2026-06-29T12:41:40.333891,https://trendlyne.com/fundamentals/json-screener/28/5/0/index/NIFTY500/nifty-500/,SUCCESS,
2026-06-29T12:41:40.333891,https://trendlyne.com/fundamentals/json-screener/9844/5/0/index/NIFTY500/nifty-500/,SUCCESS,
2026-06-29T12:41:40.333891,https://trendlyne.com/fundamentals/json-screener/27/5/0/index/NIFTY500/nifty-500/,SUCCESS,
2026-06-29T12:41:40.333891,https://trendlyne.com/fundamentals/json-screener/10/5/0/index/NIFTY500/nifty-500/,SUCCESS,
2026-06-29T12:41:40.333891,https://trendlyne.com/fundamentals/json-screener/22/5/0/index/NIFTY500/nifty-500/,SUCCESS,
2026-06-29T12:41:40.333891,https://trendlyne.com/fundamentals/json-screener/21/5/0/index/NIFTY500/nifty-500/,SUCCESS,
2026-06-29T12:41:40.333891,https://trendlyne.com/fundamentals/json-screener/15/5/0/index/NIFTY500/nifty-500/,SUCCESS,
2026-06-29T12:41:40.337300,https://trendlyne.com/fundamentals/json-screener/24/5/0/index/NIFTY500/nifty-500/,SUCCESS,
2026-06-29T12:41:40.337300,https://trendlyne.com/fundamentals/json-screener/31/5/0/index/NIFTY500/nifty-500/,SUCCESS,
2026-06-29T12:41:40.337300,https://trendlyne.com/fundamentals/json-screener/40/5/0/index/NIFTY500/nifty-500/,SUCCESS,
2026-06-29T12:41:40.337300,https://kayal.trendlyne.com/broker-webview/kayal/all-in-one-screener-data-get/?perPageCount=200&pageNumber=0&screenpk=48091&groupType=all&groupName=,SUCCESS,
2026-06-29T12:41:40.337300,https://smartoptions.trendlyne.com/phoenix/api/fno/market/filter/?mtype=options&expDate=2026-05-26&screenType=most-active-value,SUCCESS,
2026-06-29T12:41:40.337300,https://smartoptions.trendlyne.com/phoenix/api/fno/market/filter/?mtype=options&expDate=2026-05-26&screenType=most-active-contract,SUCCESS,
2026-06-29T12:41:40.337300,https://smartoptions.trendlyne.com/phoenix/api/fno/market/filter/?mtype=options&expDate=2026-05-26&screenType=most-active-contract-call,SUCCESS,
2026-06-29T12:41:40.337300,https://smartoptions.trendlyne.com/phoenix/api/fno/market/filter/?mtype=options&expDate=2026-05-26&screenType=price-gainers,SUCCESS,
2026-06-29T12:41:40.337300,https://smartoptions.trendlyne.com/phoenix/api/fno/market/filter/?mtype=options&expDate=2026-05-26&screenType=price-losers,SUCCESS,
2026-06-29T12:41:40.337300,https://smartoptions.trendlyne.com/phoenix/api/fno/market/filter/?mtype=options&expDate=2026-05-26&screenType=most-active-contract-put,SUCCESS,
2026-06-29T12:41:40.337300,https://smartoptions.trendlyne.com/phoenix/api/fno/market/filter/?mtype=options&expDate=2026-05-26&screenType=oi-gainers,SUCCESS,
2026-06-29T12:41:40.337300,https://smartoptions.trendlyne.com/phoenix/api/fno/market/filter/?mtype=options&expDate=2026-05-26&screenType=oi-gainers-call,SUCCESS,
2026-06-29T12:41:40.337300,https://smartoptions.trendlyne.com/phoenix/api/fno/market/filter/?mtype=options&expDate=2026-05-26&screenType=oi-gainers-put,SUCCESS,
2026-06-29T12:41:40.337300,https://smartoptions.trendlyne.com/phoenix/api/fno/market/filter/?mtype=options&expDate=2026-05-26&screenType=oi-losers,SUCCESS,
2026-06-29T12:41:40.337300,https://smartoptions.trendlyne.com/phoenix/api/fno/market/filter/?mtype=options&expDate=2026-05-26&screenType=oi-losers-call,SUCCESS,
2026-06-29T12:41:40.337300,https://smartoptions.trendlyne.com/phoenix/api/fno/market/filter/?mtype=options&expDate=2026-05-26&screenType=oi-losers-put,SUCCESS,
2026-06-29T12:41:40.337300,https://smartoptions.trendlyne.com/phoenix/api/fno/market/filter/?mtype=options&expDate=2026-05-26&screenType=iv-rise,SUCCESS,
2026-06-29T12:41:40.337300,https://smartoptions.trendlyne.com/phoenix/api/fno/market/filter/?mtype=options&expDate=2026-05-26&screenType=contract-gainers-call,SUCCESS,
2026-06-29T12:41:40.337300,https://smartoptions.trendlyne.com/phoenix/api/fno/market/filter/?mtype=options&expDate=2026-05-26&screenType=contract-gainers,SUCCESS,
2026-06-29T12:41:40.337300,https://smartoptions.trendlyne.com/phoenix/api/fno/market/filter/?mtype=options&expDate=2026-05-26&screenType=iv-fall,SUCCESS,
2026-06-29T12:41:40.337300,https://smartoptions.trendlyne.com/phoenix/api/fno/market/filter/?mtype=options&expDate=2026-05-26&screenType=in-money,SUCCESS,
2026-06-29T12:41:40.337300,https://smartoptions.trendlyne.com/phoenix/api/fno/market/filter/?mtype=options&expDate=2026-05-26&screenType=out-of-money,SUCCESS,
2026-06-29T12:41:40.337300,https://smartoptions.trendlyne.com/phoenix/api/fno/market/filter/?mtype=options&expDate=2026-05-26&screenType=contract-gainers-put,SUCCESS,
2026-06-29T12:41:40.337300,https://smartoptions.trendlyne.com/phoenix/api/fno/market/filter/?mtype=options&expDate=2026-05-26&screenType=long-build-up,SUCCESS,
2026-06-29T12:41:40.337300,https://smartoptions.trendlyne.com/phoenix/api/fno/market/filter/?mtype=options&expDate=2026-05-26&screenType=short-build-up,SUCCESS,
2026-06-29T12:41:40.337300,https://smartoptions.trendlyne.com/phoenix/api/fno/market/filter/?mtype=options&expDate=2026-05-26&screenType=long-unwinding,SUCCESS,
2026-06-29T12:41:40.337300,https://smartoptions.trendlyne.com/phoenix/api/fno/market/filter/?mtype=options&expDate=2026-05-26&screenType=short-covering&instType=index,SUCCESS,
2026-06-29T12:41:40.337300,https://smartoptions.trendlyne.com/phoenix/api/fno/market/filter/?mtype=options&expDate=2026-05-26&screenType=short-covering,SUCCESS,
2026-06-29T12:41:40.337300,https://smartoptions.trendlyne.com/phoenix/api/fno/market/filter/?mtype=futures&expDate=2026-05-26&screenType=most-active-value,SUCCESS,
2026-06-29T12:41:40.337300,https://smartoptions.trendlyne.com/phoenix/api/fno/market/filter/?mtype=options&expDate=2026-05-26&screenType=short-covering&instType=stock,SUCCESS,
2026-06-29T12:41:40.337300,https://smartoptions.trendlyne.com/phoenix/api/fno/market/filter/?mtype=futures&expDate=2026-05-26&screenType=most-active-contract,SUCCESS,
2026-06-29T12:41:40.337300,https://smartoptions.trendlyne.com/phoenix/api/fno/market/filter/?mtype=futures&expDate=2026-05-26&screenType=price-gainers,SUCCESS,
2026-06-29T12:41:40.337300,https://smartoptions.trendlyne.com/phoenix/api/fno/market/filter/?mtype=futures&expDate=2026-05-26&screenType=oi-gainers,SUCCESS,
2026-06-29T12:41:40.337300,https://smartoptions.trendlyne.com/phoenix/api/fno/market/filter/?mtype=futures&expDate=2026-05-26&screenType=price-losers,SUCCESS,
2026-06-29T12:41:40.337300,https://smartoptions.trendlyne.com/phoenix/api/fno/market/filter/?mtype=futures&expDate=2026-05-26&screenType=oi-losers,SUCCESS,
2026-06-29T12:41:40.337300,https://smartoptions.trendlyne.com/phoenix/api/fno/market/filter/?mtype=futures&expDate=2026-05-26&screenType=discount,SUCCESS,
2026-06-29T12:41:40.337300,https://smartoptions.trendlyne.com/phoenix/api/fno/market/filter/?mtype=futures&expDate=2026-05-26&screenType=long-build-up,SUCCESS,
2026-06-29T12:41:40.337300,https://trendlyne.com/equity/overview-second-part/175/,SUCCESS,
2026-06-29T12:41:40.337300,https://smartoptions.trendlyne.com/phoenix/api/fno/market/filter/?mtype=futures&expDate=2026-05-26&screenType=short-build-up,SUCCESS,
2026-06-29T12:41:40.337300,https://trendlyne.com/equity/getStockMetricParameterList/175/,SUCCESS,
2026-06-29T12:41:40.337300,https://trendlyne.com/equity/api/stock/adv-technical-analysis/175/24/,SUCCESS,
2026-06-29T12:41:40.337300,https://smartoptions.trendlyne.com/phoenix/api/fno/market/filter/?mtype=futures&expDate=2026-05-26&screenType=contract-gainers,SUCCESS,
2026-06-29T12:41:40.337300,https://smartoptions.trendlyne.com/phoenix/api/fno/market/filter/?mtype=futures&expDate=2026-05-26&screenType=premium,SUCCESS,
2026-06-29T12:41:40.337300,https://smartoptions.trendlyne.com/phoenix/api/fno/market/filter/?mtype=futures&expDate=2026-05-26&screenType=short-covering,SUCCESS,
2026-06-29T12:41:40.337300,https://smartoptions.trendlyne.com/phoenix/api/fno/market/filter/?mtype=futures&expDate=2026-05-26&screenType=long-unwinding,SUCCESS,
2026-06-29T12:41:40.337300,https://api.moneycontrol.com/mcapi/v1/indices/get-indices-list,SUCCESS,
2026-06-29T12:41:40.337300,https://api.moneycontrol.com/mcapi/v1/indices/get-indices-details?indexId=4,SUCCESS,
2026-06-29T12:41:40.337300,https://api.moneycontrol.com/mcapi/v1/indices/get-indices-list?appVersion=136,SUCCESS,
2026-06-29T12:41:40.337300,https://api.moneycontrol.com/mcapi/v1/indices/get-indian-indices,SUCCESS,
2026-06-29T12:41:40.337300,https:////priceapi.moneycontrol.com//pricefeed//notapplicable//inidicesindia//in%3BNSX,SUCCESS,
2026-06-29T12:41:40.337300,https://priceapi.moneycontrol.com//pricefeed//techindicator//W//in%3Bnbx,SUCCESS,
2026-06-29T12:41:40.337300,https://priceapi.moneycontrol.com//pricefeed//techindicator//M//in%3Bnbx,SUCCESS,
2026-06-29T12:41:40.337300,https://api.moneycontrol.com/mcapi/v1/indices/get-indices-list?appVersion=137,SUCCESS,
2026-06-29T12:41:40.337300,https://priceapi.moneycontrol.com//pricefeed//techindicator//D//in%3Bnbx,SUCCESS,
2026-06-29T12:41:40.337300,https:////appfeeds.moneycontrol.com//jsonapi//market//indices&format=json&ind_id=38,SUCCESS,
2026-06-29T12:41:40.337300,https://appfeeds.moneycontrol.com//jsonapi//market//marketmap&format=json&type=0&ind_id=38,SUCCESS,
2026-06-29T12:41:40.337300,https://appfeeds.moneycontrol.com//jsonapi//market//graph&format=json&ind_id=38&range=1d&type=ohlc,SUCCESS,
2026-06-29T12:41:40.337300,https://appfeeds.moneycontrol.com//jsonapi//market//marketmap&format=json&type=1&ind_id=38,SUCCESS,
2026-06-29T12:41:40.337300,https://appfeeds.moneycontrol.com//jsonapi//market//marketmap&format=json&type=2&ind_id=38,SUCCESS,
2026-06-29T12:41:40.337300,https://appfeeds.moneycontrol.com/jsonapi/market/graph&format=json&ind_id=38&range=3m&type=line,SUCCESS,
2026-06-29T12:41:40.337300,https://appfeeds.moneycontrol.com/jsonapi/market/graph&format=json&ind_id=38&range=1m&type=line,SUCCESS,
2026-06-29T12:41:40.337300,https://appfeeds.moneycontrol.com/jsonapi/market/graph&format=json&ind_id=38&range=1d&type=line,SUCCESS,
2026-06-29T12:41:40.337300,https://appfeeds.moneycontrol.com/jsonapi/market/graph&format=json&ind_id=38&range=6m&type=line,SUCCESS,
2026-06-29T12:41:40.337300,https://appfeeds.moneycontrol.com//jsonapi//market//graph&format=json&ind_id=38&range=1d&type=line,SUCCESS,
2026-06-29T12:41:40.337300,https://appfeeds.moneycontrol.com/jsonapi/market/graph&format=json&ind_id=38&range=1yr&type=line,SUCCESS,
2026-06-29T12:41:40.337300,https://appfeeds.moneycontrol.com/jsonapi/market/graph&format=json&ind_id=38&range=5d&type=line,SUCCESS,
2026-06-29T12:41:40.337300,https://appfeeds.moneycontrol.com/jsonapi/market/graph&format=json&ind_id=38&range=1d&type=line,SUCCESS,
2026-06-29T12:41:40.337300,https://appfeeds.moneycontrol.com/jsonapi/market/graph&format=json&ind_id=38&range=1d&type=stick,SUCCESS,
2026-06-29T12:41:40.337300,https://appfeeds.moneycontrol.com/jsonapi/market/graph&format=json&ind_id=38&range=2yr&type=line,SUCCESS,
2026-06-29T12:41:40.337300,https://appfeeds.moneycontrol.com/jsonapi/market/graph&format=json&ind_id=38&range=1d&type=ohlc,SUCCESS,
2026-06-29T12:41:40.337300,https://api.moneycontrol.com/mcapi/v1/indices/fundamentals/overview?indId=9,SUCCESS,
2026-06-29T12:41:40.337300,https://appfeeds.moneycontrol.com/jsonapi/market/graph&format=json&ind_id=38&range=5yr&type=line,SUCCESS,
2026-06-29T12:41:40.337300,https://appfeeds.moneycontrol.com/jsonapi/market/graph&format=json&ind_id=38&range=1d&type=area,SUCCESS,
2026-06-29T12:41:40.337300,https://api.moneycontrol.com/mcapi/v1/indices/fundamentals/epsdetail?indId=9,SUCCESS,
2026-06-29T12:41:40.337300,https://api.moneycontrol.com/mcapi/v1/indices/fundamentals/graph/pb?indId=9&duration=1Y,SUCCESS,
2026-06-29T12:41:40.337300,https://api.moneycontrol.com/mcapi/v1/indices/fundamentals/graph/pe?indId=9&duration=1Y,SUCCESS,
2026-06-29T12:41:40.337300,https://www.moneycontrol.com/mc/widget/historicalrating?classic=true&type=gson&indice_id=in;cpr&period=W,SUCCESS,
2026-06-29T12:41:40.337300,https://www.moneycontrol.com/mc/widget/historicalrating?classic=true&type=gson&indice_id=in;cpr&period=W,SUCCESS,
2026-06-29T12:41:40.337300,https://appfeeds.moneycontrol.com/jsonapi/market/graph&format=json&ind_id=38&range=max&type=line,SUCCESS,
2026-06-29T12:41:40.337300,https://www.moneycontrol.com/mc/widget/historicalrating?classic=true&type=gson&indice_id=in;cgy&period=D,SUCCESS,
2026-06-29T12:41:40.337300,https://appfeeds.moneycontrol.com/jsonapi/market/indices&format=json&ind_id=23,SUCCESS,
2026-06-29T12:41:40.337300,https://appfeeds.moneycontrol.com/jsonapi/fno/overview&format=json&inst_type=Futures&id=BANKNIFTY&ExpiryDate=,SUCCESS,
2026-06-29T12:41:40.337300,https://appfeeds.moneycontrol.com/jsonapi/market/marketmap&format=json&type=0&ind_id=23,SUCCESS,
2026-06-29T12:41:40.337300,https://appfeeds.moneycontrol.com/jsonapi/market/marketmap&format=json&type=1&ind_id=23,SUCCESS,
2026-06-29T12:41:40.337300,https://appfeeds.moneycontrol.com/jsonapi/fno/overview&format=json&inst_type=Options&id=BANKNIFTY&ExpiryDate=,SUCCESS,
2026-06-29T12:41:40.337300,https://appfeeds.moneycontrol.com/jsonapi/market/indices&format=json&t_device=iphone&t_app=MC&t_version=48&ind_id=23,SUCCESS,
2026-06-29T12:41:40.337300,https://api.moneycontrol.com/mcapi/v1/indices/chart/exchange-advdec?ex=N,SUCCESS,
2026-06-29T12:41:40.337300,"https://appfeeds.moneycontrol.com/jsonapi/messages/topic_messages&format=json&tab=1&user_id=&token=&start=pageno&topic_id=509989""",SUCCESS,
2026-06-29T12:41:40.337300,https://api.moneycontrol.com/mcapi/v1/deals/list?start=16&limit=8&orderBy=deal_date&sortBy=DESC&deviceType=W&scId=BE03,SUCCESS,
2026-06-29T12:41:40.337300,https://api.moneycontrol.com/mcapi/v1/stock/corporate-action?deviceType=W&scId=BE03&section=d&start=0&limit=5,SUCCESS,
2026-06-29T12:41:40.337300,https://api.moneycontrol.com/mcapi/v1/extdata/mc-block-data?scId=BE03&page=2,SUCCESS,
2026-06-29T12:41:40.337300,https://appfeeds.moneycontrol.com/jsonapi/market/graph&format=json&ind_id=23&range=1d&type=area,SUCCESS,
2026-06-29T12:41:40.337300,https://api.moneycontrol.com/mcapi/v1/stock/corporate-action?deviceType=W&scId=BE03&section=bm&start=0&limit=5,SUCCESS,
2026-06-29T12:41:40.337300,https://api.moneycontrol.com/mcapi/v1/stock/corporate-action?deviceType=W&scId=BE03&section=bm&start=0&limit=5,SUCCESS,
2026-06-29T12:41:40.337300,https://api.moneycontrol.com/mcapi/v1/stock/corporate-action?deviceType=W&scId=BE03&section=b&start=0&limit=5,SUCCESS,
2026-06-29T12:41:40.337300,https://api.moneycontrol.com/mcapi/v1/stock/corporate-action?deviceType=W&scId=BE03&section=s&start=0&limit=5,SUCCESS,
2026-06-29T12:41:40.337300,https://api.moneycontrol.com/mcapi/v1/quarterly-earning/peers-comparison?sc_id=BE03&deviceType=W&section=BALANCE_SHEET,SUCCESS,
2026-06-29T12:41:40.337300,https://api.moneycontrol.com/mcapi/v1/stock/financial-historical/overview?scId=BE03&ex=N,SUCCESS,
2026-06-29T12:41:40.337300,https://api.moneycontrol.com/mcapi/v1/stock/market-depth?scId=BE03,SUCCESS,
2026-06-29T12:41:40.337300,https://api.moneycontrol.com/mcapi/v1/quarterly-earning/balance-sheet?sc_id=BE03&deviceType=W,SUCCESS,
2026-06-29T12:41:40.337300,https://trendlyne.com/equity/api/stock/adv-technical-analysis/175/24/,SUCCESS,
2026-06-29T12:41:40.337300,https://trendlyne.com/share-price/price-performance-analysis/175,SUCCESS,
2026-06-29T12:41:40.337300,https://priceapi.moneycontrol.com/pricefeed/nse/equitycash/BE03,SUCCESS,
2026-06-29T12:41:40.337300,https://api.moneycontrol.com/mcapi/technicals/v2/details?scId=BE03&dur=D&deviceType=W,SUCCESS,
2026-06-29T12:41:40.337300,https://trendlyne.com/equity/overview-second-part/175/,SUCCESS,
2026-06-29T12:41:40.337300,https://trendlyne.com/equity/chart/fundamental-profile/175/,SUCCESS,
2026-06-29T12:41:40.337300,https://trendlyne.com/equity/getStockMetricParameterList/175/,SUCCESS,
2026-06-29T12:41:40.337300,https://api.moneycontrol.com/mcapi/technicalpicks/chart-patterns?deviceType=W&version=174&start=0&limit=12&pattern_type=all&sc_id=BE03,SUCCESS,
2026-06-29T12:41:40.337300,https://trendlyne.com/mapp/v1/stock/web/ohlc/175/Q5JEXGN2NFLZ7H5OOBFSBUDUP4======/,SUCCESS,
2026-06-29T12:41:40.337300,https://webapi.niftytrader.in/webapi/symbol/stock-index-data,SUCCESS,
2026-06-29T12:41:40.337300,https://webapi.niftytrader.in/webapi/symbol/top-gainers-data?fno_stock=false,SUCCESS,
2026-06-29T12:41:40.337300,https://webapi.niftytrader.in/webapi/symbol/stock-index-data,SUCCESS,
2026-06-29T12:41:40.337300,https://trendlyne.com/mapp/v1/stock/chart-data/175/PBV_A_SHARE_NOW/,SUCCESS,
2026-06-29T12:41:40.337300,https://webapi.niftytrader.in/webapi/Option/option-hottest?filter_by=mostactive&category=all,SUCCESS,
2026-06-29T12:41:40.337300,https://trendlyne.com/mapp/v1/stock/chart-data/175/PE_TTM_SHARE_NOW/,SUCCESS,
2026-06-29T12:41:40.337300,https://webapi.niftytrader.in/webapi/Option/dashboard-data,SUCCESS,
2026-06-29T12:41:40.337300,https://trendlyne.com/mapp/v1/stock/chart-data/175/EPS_TTM/ -- EPS and DVM,SUCCESS,
2026-06-29T12:41:40.337300,https://webapi.niftytrader.in/webapi/option/option-chain-data?symbol=nifty&exchange=nse&expiryDate=,SUCCESS,
2026-06-29T12:41:40.337300,https://webapi.niftytrader.in/webapi/option/option-chain-data?symbol=nifty&exchange=nse&expiryDate=&atmBelow=0&atmAbove=0,SUCCESS,
2026-06-29T12:41:40.337300,https://analyze.api.tickertape.in/stocks/deals/insight?type=BUY&duration=1w&sortBy=VALUE,SUCCESS,
2026-06-29T12:41:40.337300,https://analyze.api.tickertape.in/stocks/deals?order=desc&orderBy=date&count=40,SUCCESS,
2026-06-29T12:41:40.337300,https://analyze.api.tickertape.in/stocks/deals/insight?type=BUY&duration=6m&sortBy=VALUE,SUCCESS,
2026-06-29T12:41:40.337300,https://analyze.api.tickertape.in/v2/stocks/summary/RLXO,SUCCESS,
2026-06-29T12:41:40.337300,https://api.tickertape.in/stocks/info/RLXO,SUCCESS,
2026-06-29T12:41:40.337300,https://api.tickertape.in/screener/screens/load/SCR0010,SUCCESS,
2026-06-29T12:41:40.337300,https://api.tickertape.in/stocks/estimates/history/RLXO,SUCCESS,
2026-06-29T12:41:40.337300,https://analyze.api.tickertape.in/faqs/stocks?sid=RLXO,SUCCESS,
2026-06-29T12:41:40.337300,https://api.tickertape.in/stocks/commentaries/RLXO?keys[]=financialStatement&keys[]=interimFinancialStatement&keys[]=corporates&keys[]=holdings,SUCCESS,
2026-06-29T12:41:40.337300,https://api.tickertape.in/screener/screens/load/SCR0150,SUCCESS,
2026-06-29T12:41:40.337300,https://appfeeds.moneycontrol.com/jsonapi/fno/overview&format=json&inst_type=options&option_type=CE&id=NIFTY&ExpiryDate=,SUCCESS,
2026-06-29T12:41:40.337300,https://api.tickertape.in/stocks/quotes?sids=RLXO,SUCCESS,
2026-06-29T12:41:40.337300,https://analyze.api.tickertape.in/stocks/scorecard/RLXO,SUCCESS,
2026-06-29T12:41:40.337300,https://api.tickertape.in/stocks/financials/income/RLXO/annual/normal?count=10,SUCCESS,
2026-06-29T12:41:40.337300,https://appfeeds.moneycontrol.com/jsonapi/fno/overview&format=json&inst_type=options&option_type=PE&id=NIFTY&ExpiryDate=,SUCCESS,
2026-06-29T12:41:40.337300,https://analyze.api.tickertape.in/homepage/stocks?universe=SmallCap&type=active&count=1&offset=0,SUCCESS,
2026-06-29T12:41:40.337300,https://api.tickertape.in/stocks/financials/income/RLXO/interim/normal?count=10,SUCCESS,
2026-06-29T12:41:40.337300,https://analyze.api.tickertape.in/homepage/stocks?universe=LargeCap&type=active&count=10000&offset=2,SUCCESS,
2026-06-29T12:41:40.337300,https://quotes-api.tickertape.in/quotes?sids=RLXO,SUCCESS,
2026-06-29T12:41:40.337300,https://analyze.api.tickertape.in/homepage/stocks?universe=MidCap&type=active&count=10000&offset=0,SUCCESS,
2026-06-29T12:41:40.337300,https://api.moneycontrol.com/mcapi/v1/premarket/article?slug=market-cues&limit=1,SUCCESS,
2026-06-29T12:41:40.337300,https://api.tickertape.in/stocks/financials/income/RLXO/interim/normal?count=10,SUCCESS,
2026-06-29T12:41:40.337300,https://api.moneycontrol.com/mcapi/v1/premarket/article?slug=international-markets&limit=1,SUCCESS,
2026-06-29T12:41:40.337300,https://api.moneycontrol.com/mcapi/v1/premarket/article?slug=asian-markets&limit=1,SUCCESS,
2026-06-29T12:41:40.337300,https://api.moneycontrol.com/mcapi/v1/premarket/article?slug=taking-stock&limit=1,SUCCESS,
2026-06-29T12:41:40.337300,https://api.moneycontrol.com/mcapi/v1/premarket/article?slug=mc-essentials&limit=1,SUCCESS,
2026-06-29T12:41:40.337300,https://api.moneycontrol.com/mcapi/v1/premarket/getMarketNewsData?limit=6,SUCCESS,
2026-06-29T12:41:40.337300,https://api.moneycontrol.com/mcapi/v1/premarket/getBrokerResearchReco?sublevel=stocks&start=0&limit=8,SUCCESS,
2026-06-29T12:41:40.337300,https://api.moneycontrol.com/mcapi/v1/premarket/get-global-marketdata?section=ii,SUCCESS,
2026-06-29T12:41:40.337300,https://appfeeds.moneycontrol.com/jsonapi/market/graph&format=json&range=1d%20&ind_id=in;gsx,SUCCESS,
2026-06-29T12:41:40.337300,https://api.moneycontrol.com/mcapi/v1/premarket/article?slug=mc-essentials&limit=1,SUCCESS,
2026-06-29T12:41:40.337300,https://api.moneycontrol.com/mcapi/v1/premarket/article?slug=moneycontrol-research&limit=4,SUCCESS,
2026-06-29T12:41:40.337300,https://api.moneycontrol.com/mcapi/v1/premarket/get-global-marketdata?section=mi,SUCCESS,
2026-06-29T12:41:40.337300,https://api.moneycontrol.com/mcapi/v1/premarket/get-global-marketdata?section=mi,SUCCESS,
2026-06-29T12:41:40.337300,https://api.moneycontrol.com/mcapi/v1/premarket/getMarketViewsData?cat=all&start=0&limit=9,SUCCESS,
2026-06-29T12:41:40.337300,https://api.moneycontrol.com/mcapi/v1/premarket/article?slug=hot-stocks&limit=1,SUCCESS,
2026-06-29T12:41:40.337300,https://api.moneycontrol.com/mcapi/v1/premarket/article?slug=options-trade&limit=1,SUCCESS,
2026-06-29T12:41:40.337300,https://api.moneycontrol.com/mcapi/v1/premarket/article?slug=trade-setup&limit=1,SUCCESS,
2026-06-29T12:41:40.337300,https://api.moneycontrol.com/mcapi/v1/premarket/article?slug=futures-trade&limit=1,SUCCESS,
2026-06-29T12:41:40.337300,https://api.moneycontrol.com/mcapi/v1/premarket/article?slug=trading-plan&limit=1,SUCCESS,
2026-06-29T12:41:40.337300,https://api.moneycontrol.com/mcapi/v1/premarket/getFllActivityData?type=cash,SUCCESS,
2026-06-29T12:41:40.337300,https://api.moneycontrol.com/mcapi/v1/premarket/article?slug=cash-market&limit=1,SUCCESS,
2026-06-29T12:41:40.337300,https://api.moneycontrol.com/mcapi/v1/premarket/article?slug=daily-voice&limit=1,SUCCESS,
2026-06-29T12:41:40.337300,https://api.moneycontrol.com/mcapi/v1/premarket/getStockToWatchData?start=0&limit=3&sortby=rank&sortorder=asc,SUCCESS,
2026-06-29T12:41:40.337300,https://api.moneycontrol.com/mcapi/v1/premarket/article?slug=buzzing-stocks&limit=1,SUCCESS,
2026-06-29T12:41:40.337300,https://priceapi.moneycontrol.com/pricefeed/notapplicable/inidicesindia/in%3BNSX,SUCCESS,
2026-06-29T12:41:40.337300,https://api.moneycontrol.com/mcapi/v1/premarket/get-global-marketdata?section=ii,SUCCESS,
2026-06-29T12:41:40.337300,https://priceapi.moneycontrol.com/technicalCompanyData/oiData/oi-change-chart?scId=in;NSX&expiryDate=2026-06-30&assetType=I&type=INTRA&count=13&deviceType=W,SUCCESS,
2026-06-29T12:41:40.337300,https://api.moneycontrol.com/mcapi/v1/ecalendar/get-upcoming-event-data?page=1&pageSize=7,SUCCESS,
2026-06-29T12:41:40.337300,https://api.moneycontrol.com/mcapi/v1/premarket/get-global-marketdata?section=bo,SUCCESS,
2026-06-29T12:41:40.337300,https://api.moneycontrol.com/mcapi/v1/earnings/result-dashboard,SUCCESS,
2026-06-29T12:41:40.337300,https://priceapi.moneycontrol.com/technicalCompanyData/oiData/options-expiry-dates?scId=in;NSX&assetType=I&deviceType=W,SUCCESS,
2026-06-29T12:41:40.337300,https://api.moneycontrol.com/mcapi/v1/earnings/rapid-results?limit=9&page=1&type=LR&subType=yoy,SUCCESS,
2026-06-29T12:41:40.337300,https://priceapi.moneycontrol.com/technicalCompanyData/oiData/oi-change-chart?scId=in;NSX&expiryDate=2026-06-30&assetType=I&type=HIST&count=31&deviceType=W,SUCCESS,
2026-06-29T12:41:40.337300,https://api.moneycontrol.com/mcapi/v1/earnings/result-calendar?indexId=All&fromDate=2026-06-26&toDate=2026-07-01&sector=,SUCCESS,
2026-06-29T12:41:40.337300,https://api.moneycontrol.com/mcapi/v1/earnings/actual-estimate?page=1&limit=6,SUCCESS,
2026-06-29T12:41:40.337300,https://api.moneycontrol.com/mcapi/v1/earnings/inc-widget?indexId=all,SUCCESS,
2026-06-29T12:41:40.337300,https://api.moneycontrol.com/mcapi/v1/earnings/price-shockers?limit=8&page=1,SUCCESS,
2026-06-29T12:41:40.337300,https://api.moneycontrol.com/mcapi/v1/premarket/getBrokerResearchReco?sublevel=stocks&start=0&limit=6,SUCCESS,
2026-06-29T12:41:40.337300,https://appfeeds.moneycontrol.com/jsonapi/market/graph&format=json&range=1d&type=area&ind_id=4,SUCCESS,
2026-06-29T12:41:40.337300,https://api.moneycontrol.com/mcapi/v1/earnings/get-earnings-data?indexId=All&page=1&startDate=2026-06-26&endDate=2026-06-26&sector=&limit=18,SUCCESS,
2026-06-29T12:41:40.337300,https://www.moneycontrol.com/newsapi/mc_news.php?query=tags_slug%3A(%22results%22+%22result-poll%22+%22brokerage-results-estimates%22+%22result-analysis%22)&start=0&limit=8&sortby=creation_date&sortorder=desc,SUCCESS,
2026-06-29T12:41:40.337300,https://api.moneycontrol.com/mcapi/v1/earnings/rapid-results?limit=9&page=1&type=PT&subType=qo,SUCCESS,
2026-06-29T12:41:40.337300,https://api.moneycontrol.com/mcapi/v1/earnings/rapid-results?limit=9&page=1&type=PT&subType=yoy,SUCCESS,
2026-06-29T12:41:40.337300,https://api.moneycontrol.com/mcapi/v1/earnings/rapid-results?limit=9&page=1&type=NT&subType=yoy,SUCCESS,
2026-06-29T12:41:40.337300,https://api.moneycontrol.com/mcapi/v1/earnings/rapid-results?limit=9&page=1&type=WP&subType=yoy,SUCCESS,
2026-06-29T12:41:40.337300,https://api.moneycontrol.com/mcapi/v1/earnings/rapid-results?limit=9&page=1&type=NT&subType=qoq,SUCCESS,
2026-06-29T12:41:40.337300,https://api.moneycontrol.com/mcapi/v1/earnings/rapid-results?limit=9&page=1&type=BP&subType=yoy,SUCCESS,
2026-06-29T12:41:40.337300,https://api.moneycontrol.com/mcapi/v1/earnings/actual-estimate?page=1&limit=6,SUCCESS,
2026-06-29T12:41:40.337300,https://api.moneycontrol.com/mcapi/v1/earnings/rapid-results?limit=9&page=1&type=WP&subType=qoq,SUCCESS,
2026-06-29T12:41:40.337300,https://api.moneycontrol.com/mcapi/v1/earnings/result-dashboard,SUCCESS,
2026-06-29T12:41:40.337300,https://webapi.niftytrader.in/webapi/symbol/top-gainers-data?fno_stock=false,SUCCESS,
2026-06-29T12:41:40.337300,https://webapi.niftytrader.in/webapi/symbol/stock-index-data,SUCCESS,
2026-06-29T12:41:40.337300,https://webapi.niftytrader.in/webapi/Option/option-hottest?filter_by=mostactive&category=all,SUCCESS,
2026-06-29T12:41:40.337300,https://webapi.niftytrader.in/webapi/symbol/stock-index-data,SUCCESS,
2026-06-29T12:41:40.337300,https://api.moneycontrol.com/mcapi/v1/earnings/get-performers-detailed?sortBy=all&orderBy=mc&page=1&seq=desc&type=all,SUCCESS,
2026-06-29T12:41:40.337300,https://api.moneycontrol.com/mcapi/v1/earnings/get-performers-detailed?sortBy=std&orderBy=mc&page=1&seq=desc&type=all,SUCCESS,
2026-06-29T12:41:40.337300,https://webapi.niftytrader.in/webapi/Option/dashboard-data,SUCCESS,
2026-06-29T12:41:40.337300,https://api.moneycontrol.com/mcapi/v1/earnings/rapid-results?limit=9&page=1&type=LR&subType=qoq,SUCCESS,
2026-06-29T12:41:40.337300,https://webapi.niftytrader.in/webapi/option/option-chain-data?symbol=nifty&exchange=nse&expiryDate=,SUCCESS,
2026-06-29T12:41:40.337300,https://webapi.niftytrader.in/webapi/option/option-chain-data?symbol=nifty&exchange=nse&expiryDate=&atmBelow=0&atmAbove=0,SUCCESS,
2026-06-29T12:41:40.337300,https://api.moneycontrol.com/mcapi/v1/earnings/rapid-results?limit=9&page=1&type=BP&subType=qoq,SUCCESS,
2026-06-29T12:41:40.337300,https://webapi.niftytrader.in/webapi/symbol/today-spot-data?symbol=sensex&exchange=bse,SUCCESS,
2026-06-29T12:41:40.337300,https://webapi.niftytrader.in/webapi/symbol/today-spot-data?symbol=NIFTY+BANK,SUCCESS,
2026-06-29T12:41:40.337300,https://webapi.niftytrader.in/webapi/Option/oi-time-range?symbol=banknifty&start_time=09:10:00&end_time=14:00:00&expiry=,SUCCESS,
2026-06-29T12:41:40.337300,https://webapi.niftytrader.in/webapi/Option/max-pain-intraday-chart?symbol=sensex&exchange=bse,SUCCESS,
2026-06-29T12:41:40.337300,https://webapi.niftytrader.in/webapi/Option/oi-time-range?symbol=sensex&start_time=09:10:00&end_time=14:00:00&expiry=,SUCCESS,
2026-06-29T12:41:40.337300,https://webapi.niftytrader.in/webapi/Option/oi-time-range?symbol=finnifty&start_time=09:10:00&end_time=14:00:00&expiry=,SUCCESS,
2026-06-29T12:41:40.337300,https://webapi.niftytrader.in/webapi/symbol/today-spot-data?symbol=sensex&exchange=bse,SUCCESS,
2026-06-29T12:41:40.337300,https://webapi.niftytrader.in/webapi/symbol/today-spot-data?symbol=NIFTY+FIN+SERVICE,SUCCESS,
2026-06-29T12:41:40.337300,https://webapi.niftytrader.in/webapi/Option/oi-time-range?symbol=sensex&start_time=09:10:00&end_time=15:30:00&expiry=,SUCCESS,
2026-06-29T12:41:40.337300,https://webapi.niftytrader.in/webapi/option/oi-pcr-data?symbolName=sensex&reqType=bse_pcr_data&reqDate=,SUCCESS,
2026-06-29T12:41:40.337300,https://webapi.niftytrader.in/webapi/Option/max-pain-intraday-chart?symbol=banknifty&exchange=nse,SUCCESS,
2026-06-29T12:41:40.337300,https://webapi.niftytrader.in/webapi/option/oi-pcr-data?symbolName=sensex&reqType=bse_pcr_data&reqDate=,SUCCESS,
2026-06-29T12:41:40.337300,https://webapi.niftytrader.in/webapi/option/oi-pcr-data?symbolName=finnifty&reqType=nse_pcr_data&reqDate=,SUCCESS,
2026-06-29T12:41:40.337300,https://webapi.niftytrader.in/webapi/Symbol/stock-iv-data?symbol=NIFTY&type=intraday&exchange=nse,SUCCESS,
2026-06-29T12:41:40.337300,https://webapi.niftytrader.in/webapi/option/oi-pcr-data?symbolName=banknifty&reqType=nse_pcr_data&reqDate=,SUCCESS,
2026-06-29T12:41:40.337300,https://webapi.niftytrader.in/webapi/option/oi-pcr-data?symbolName=finnifty&reqType=nse_pcr_data&reqDate=,SUCCESS,
2026-06-29T12:41:40.337300,https://webapi.niftytrader.in/webapi/option/oi-pcr-data?symbolName=banknifty&reqType=nse_pcr_data&reqDate=,SUCCESS,
2026-06-29T12:41:40.337300,https://webapi.niftytrader.in/webapi/Option/oi-time-range?symbol=finnifty&start_time=09:10:00&end_time=15:30:00&expiry=,SUCCESS,
2026-06-29T12:41:40.337300,https://webapi.niftytrader.in/webapi/Resource/derivative-summary-data,SUCCESS,
2026-06-29T12:41:40.337300,https://webapi.niftytrader.in/webapi/Other/high-low-chart-data,SUCCESS,
2026-06-29T12:41:40.337300,https://webapi.niftytrader.in/webapi/symbol/symbol-expiry-list?symbol=banknifty,SUCCESS,
2026-06-29T12:41:40.337300,https://webapi.niftytrader.in/webapi/symbol/symbol-expiry-list?symbol=nifty,SUCCESS,
2026-06-29T12:41:40.337300,https://webapi.niftytrader.in/webapi/Resource/ban-list,SUCCESS,
2026-06-29T12:41:40.337300,https://webapi.niftytrader.in/webapi/symbol/top-gainers-data?fno_stock=false,SUCCESS,
2026-06-29T12:41:40.337300,https://webapi.niftytrader.in/webapi/option/option-chain-data?symbol=nifty&expiryDate=&atmBelow=5&atmAbove=5&exchange=nse,SUCCESS,
2026-06-29T12:41:40.337300,https://webapi.niftytrader.in/webapi/Option/trending-oi-data-specific?symbol=banknifty&expiryDate=2026-06-30&interval=5&limit=50,SUCCESS,
2026-06-29T12:41:40.337300,https://webapi.niftytrader.in/webapi/Option/trending-oi-data-specific?symbol=nifty&expiryDate=2026-06-30&interval=5&limit=50,SUCCESS,
2026-06-29T12:41:40.337300,https://webapi.niftytrader.in/webapi/Symbol/other-stock-spot-data?symbol=GIFT+NIFTY,SUCCESS,
2026-06-29T12:41:40.337300,https://webapi.niftytrader.in/webapi/symbol/stock-index-data,SUCCESS,
2026-06-29T12:41:40.337300,https://webapi.niftytrader.in/webapi/usstock/global-market,SUCCESS,
2026-06-29T12:41:40.337300,https://webapi.niftytrader.in/webapi/Other/high-low-chart-data,SUCCESS,
2026-06-29T12:41:40.337300,https://webapi.niftytrader.in/webapi/Symbol/other-stock-spot-data?symbol=GIFT+NIFTY,SUCCESS,
2026-06-29T12:41:40.337300,https://webapi.niftytrader.in/webapi/Symbol/stock-iv-data?symbol=banknifty&type=intraday&exchange=nse,SUCCESS,
2026-06-29T12:41:40.337300,https://webapi.niftytrader.in/webapi/Symbol/stock-iv-data?symbol=finnifty&type=intraday&exchange=nse,SUCCESS,
2026-06-29T12:41:40.337300,https://webapi.niftytrader.in/webapi/Symbol/stock-iv-data?symbol=midcpnifty&type=intraday&exchange=nse,SUCCESS,
2026-06-29T12:41:40.337300,https://webapi.niftytrader.in/webapi/Symbol/stock-iv-data?symbol=midcpnifty&type=eod&exchange=nse,SUCCESS,
2026-06-29T12:41:40.337300,https://webapi.niftytrader.in/webapi/Symbol/stock-iv-data?symbol=finnifty&type=eod&exchange=nse,SUCCESS,
2026-06-29T12:41:40.337300,https://webapi.niftytrader.in/webapi/Screener/screener-group-list,SUCCESS,
2026-06-29T12:41:40.337300,https://webapi.niftytrader.in/webapi/Symbol/stock-iv-data?symbol=banknifty&type=eod&exchange=nse,SUCCESS,
2026-06-29T12:41:40.337300,https://webapi.niftytrader.in/webapi/Screener/industry-list,SUCCESS,
2026-06-29T12:41:40.337300,https://webapi.niftytrader.in/webapi/Other/ai-news-pagination?category=India&pageNumber=1&pageSize=8,SUCCESS,
2026-06-29T12:41:40.337300,https://webapi.niftytrader.in/webapi/Other/high-low-chart-data,SUCCESS,
2026-06-29T12:41:40.337300,https://api.moneycontrol.com/mcapi/v1/deals/list?start=16&limit=8&orderBy=deal_date&sortBy=DESC&deviceType=W&scId=BE03,SUCCESS,
2026-06-29T12:41:40.337300,https://api.moneycontrol.com/mcapi/v1/stock/corporate-action?deviceType=W&scId=BE03&section=d&start=0&limit=5,SUCCESS,
2026-06-29T12:41:40.337300,https://api.moneycontrol.com/mcapi/v1/extdata/mc-block-data?scId=BE03&page=2,SUCCESS,
2026-06-29T12:41:40.337300,https://api.moneycontrol.com/mcapi/v1/stock/corporate-action?deviceType=W&scId=BE03&section=bm&start=0&limit=5,SUCCESS,
2026-06-29T12:41:40.337300,https://api.moneycontrol.com/mcapi/v1/stock/corporate-action?deviceType=W&scId=BE03&section=bm&start=0&limit=5,SUCCESS,
2026-06-29T12:41:40.337300,https://api.moneycontrol.com/mcapi/v1/stock/corporate-action?deviceType=W&scId=BE03&section=b&start=0&limit=5,SUCCESS,
2026-06-29T12:41:40.337300,https://webapi.niftytrader.in/webapi/Symbol/stock-iv-data?symbol=NIFTY&type=eod&exchange=nse,SUCCESS,
2026-06-29T12:41:40.337300,https://api.moneycontrol.com/mcapi/v1/quarterly-earning/peers-comparison?sc_id=BE03&deviceType=W&section=BALANCE_SHEET,SUCCESS,
2026-06-29T12:41:40.337300,https://api.moneycontrol.com/mcapi/v1/stock/corporate-action?deviceType=W&scId=BE03&section=s&start=0&limit=5,SUCCESS,
2026-06-29T12:41:40.337300,https://api.moneycontrol.com/mcapi/v1/quarterly-earning/balance-sheet?sc_id=BE03&deviceType=W,SUCCESS,
2026-06-29T12:41:40.337300,https://priceapi.moneycontrol.com/pricefeed/nse/equitycash/BE03,SUCCESS,
2026-06-29T12:41:40.337300,https://api.moneycontrol.com/mcapi/v1/stock/financial-historical/overview?scId=BE03&ex=N,SUCCESS,
2026-06-29T12:41:40.337300,https://api.moneycontrol.com/mcapi/v1/stock/market-depth?scId=BE03,SUCCESS,
2026-06-29T12:41:40.337300,https://analyze.api.tickertape.in/stocks/deals?order=desc&orderBy=date&count=40,SUCCESS,
2026-06-29T12:41:40.337300,https://analyze.api.tickertape.in/stocks/deals/insight?type=BUY&duration=6m&sortBy=VALUE,SUCCESS,
2026-06-29T12:41:40.337300,https://analyze.api.tickertape.in/stocks/deals/insight?type=BUY&duration=1w&sortBy=VALUE,SUCCESS,
2026-06-29T12:41:40.337300,https://api.moneycontrol.com/mcapi/technicals/v2/details?scId=BE03&dur=D&deviceType=W,SUCCESS,
2026-06-29T12:41:40.337300,https://analyze.api.tickertape.in/v2/stocks/summary/RLXO,SUCCESS,
2026-06-29T12:41:40.337300,https://api.tickertape.in/stocks/commentaries/RLXO?keys[]=financialStatement&keys[]=interimFinancialStatement&keys[]=corporates&keys[]=holdings,SUCCESS,
2026-06-29T12:41:40.337300,https://api.moneycontrol.com/mcapi/technicalpicks/chart-patterns?deviceType=W&version=174&start=0&limit=12&pattern_type=all&sc_id=BE03,SUCCESS,
2026-06-29T12:41:40.337300,https://api.tickertape.in/screener/screens/load/SCR0010,SUCCESS,
2026-06-29T12:41:40.337300,https://api.tickertape.in/stocks/info/RLXO,SUCCESS,
2026-06-29T12:41:40.337300,https://api.tickertape.in/stocks/estimates/history/RLXO,SUCCESS,
2026-06-29T12:41:40.337300,https://api.tickertape.in/screener/screens/load/SCR0150,SUCCESS,
2026-06-29T12:41:40.337300,https://analyze.api.tickertape.in/faqs/stocks?sid=RLXO,SUCCESS,
2026-06-29T12:41:40.337300,https://api.tickertape.in/stocks/quotes?sids=RLXO,SUCCESS,
2026-06-29T12:41:40.337300,https://analyze.api.tickertape.in/stocks/scorecard/RLXO,SUCCESS,
2026-06-29T12:41:40.337300,https://quotes-api.tickertape.in/quotes?sids=RLXO,SUCCESS,
2026-06-29T12:41:40.337300,https://trendlyne.com/equity/api/stock/adv-technical-analysis/175/24/,SUCCESS,
2026-06-29T12:41:40.337300,https://api.tickertape.in/stocks/financials/income/RLXO/annual/normal?count=10,SUCCESS,
2026-06-29T12:41:40.337300,https://analyze.api.tickertape.in/homepage/stocks?universe=LargeCap&type=active&count=10000&offset=2,SUCCESS,
2026-06-29T12:41:40.337300,https://trendlyne.com/share-price/price-performance-analysis/175,SUCCESS,
2026-06-29T12:41:40.337300,https://analyze.api.tickertape.in/homepage/stocks?universe=SmallCap&type=active&count=1&offset=0,SUCCESS,
2026-06-29T12:41:40.337300,https://api.tickertape.in/stocks/financials/income/RLXO/interim/normal?count=10,SUCCESS,
2026-06-29T12:41:40.337300,https://trendlyne.com/equity/overview-second-part/175/,SUCCESS,
2026-06-29T12:41:40.337300,https://api.tickertape.in/stocks/financials/income/RLXO/interim/normal?count=10,SUCCESS,
2026-06-29T12:41:40.337300,https://analyze.api.tickertape.in/homepage/stocks?universe=MidCap&type=active&count=10000&offset=0,SUCCESS,
2026-06-29T12:41:40.337300,https://trendlyne.com/equity/chart/fundamental-profile/175/,SUCCESS,
2026-06-29T12:41:40.337300,https://trendlyne.com/mapp/v1/stock/web/ohlc/175/Q5JEXGN2NFLZ7H5OOBFSBUDUP4======/,SUCCESS,
2026-06-29T12:41:40.337300,https://trendlyne.com/equity/getStockMetricParameterList/175/,SUCCESS,
2026-06-29T12:41:40.337300,https://trendlyne.com/mapp/v1/stock/chart-data/175/EPS_TTM/ -- EPS and DVM,SUCCESS,
2026-06-29T12:41:40.337300,https://trendlyne.com/mapp/v1/stock/chart-data/175/PBV_A_SHARE_NOW/,SUCCESS,
2026-06-29T12:41:40.337300,https://trendlyne.com/mapp/v1/stock/chart-data/175/PE_TTM_SHARE_NOW/,SUCCESS,
2026-06-29T12:41:40.337300,https://www.marketsmojo.com/portfolio-plus/stickeyheader?cid=undefined,SUCCESS,
2026-06-29T12:41:40.337300,"https://frapi.marketsmojo.com/apiv1/markets/indices?index_ids=1,213,215,4,123,128,145,129,14,5,15,37,501,23853,502,503,510,517,516,522,506,507,508,523,518,519,521,520,509,524,526,527,529,525,531,532,533,528,530,505,504,534,535,536,537,539,540,538,541,542,544,545,543,547,548,549,550,546,515,512,511,513,551,2001,514",SUCCESS,
