SYMBOL, SERIES, DATE1, PREV_CLOSE, OPEN_PRICE, HIGH_PRICE, LOW_PRICE, LAST_PRICE, CLOSE_PRICE, AVG_PRICE, TTL_TRD_QNTY, TURNOVER_LACS, NO_OF_TRADES, DELIV_QTY, DELIV_PER
1018GS2026, GS, 12-Aug-2026, 104.65, 104.64, 104.65, 103.41, 104.65, 104.65, 104.17, 1760, 1.83, 12, 1760, 100.00
20MICRONS, EQ, 12-Aug-2026, 185.92, 183.35, 188.00, 183.01, 183.52, 184.13, 185.21, 106819, 197.84, 2831, 47713, 44.67
21STCENMGM, EQ, 12-Aug-2026, 42.31, 41.47, 43.15, 41.47, 42.20, 42.36, 42.19, 34769, 14.67, 123, 27948, 80.38
360ONE, EQ, 12-Aug-2026, 1168.00, 1160.00, 1167.50, 1140.00, 1161.00, 1161.00, 1153.32, 892345, 10289.55, 15234, 512983, 57.49
RELIANCE, BE, 12-Aug-2026, 2984.00, 2990.00, 3010.00, 2980.00, 2995.00, 2995.00, 2996.50, 1234567, 37000.11, 25000, 800000, 64.80
IDEA, BZ, 12-Aug-2026, 12.50, 12.60, 12.80, 12.40, 12.55, 12.55, 12.58, 5000000, 629.00, 8000, 1000000, 20.00
NIFTYBEES, SM, 12-Aug-2026, 250.00, 251.00, 252.00, 249.50, 250.50, 250.50, 250.75, 15000, 3.76, 200, 5000, 33.33
SILVERBEES, ST, 12-Aug-2026, 90.00, 90.50, 91.00, 89.50, 90.25, 90.25, 90.30, 8000, 0.72, 100, 2000, 25.00
NIFTY50GS, GB, 12-Aug-2026, 105.00, 105.10, 105.20, 104.90, 105.05, 105.05, 105.02, 900, 0.94, 5, 900, 100.00
